{"stats":{"minecraft:used":{"minecraft:stone_sword":53,"minecraft:diamond_hoe":185,"minecraft:chest":9,"minecraft:cooked_salmon":2,"minecraft:rotten_flesh":1,"minecraft:torch":266,"minecraft:dirt":15,"minecraft:diamond_helmet":1,"minecraft:tuff":1,"minecraft:snowball":9,"minecraft:iron_helmet":1,"minecraft:diamond_chestplate":1,"minecraft:furnace":4,"minecraft:cooked_beef":20,"minecraft:potato":150,"minecraft:cobbled_deepslate":396,"minecraft:water_bucket":3,"minecraft:diorite":2,"minecraft:stone_pickaxe":262,"minecraft:sugar_cane":4,"minecraft:diamond_axe":320,"minecraft:sand":11,"minecraft:crafting_table":15,"minecraft:white_bed":9,"minecraft:diamond_pickaxe":3088,"minecraft:bread":4,"minecraft:iron_pickaxe":1001,"minecraft:stone_axe":105,"minecraft:diamond_sword":210,"minecraft:cobblestone":80,"minecraft:cooked_porkchop":11,"minecraft:bucket":4,"minecraft:oak_boat":6},"minecraft:picked_up":{"minecraft:crafting_table":11,"minecraft:chicken":16,"minecraft:gold_block":2,"minecraft:amethyst_block":1,"minecraft:string":3,"minecraft:raw_copper":12,"minecraft:diamond_leggings":1,"minecraft:cobbled_deepslate":1454,"minecraft:beef":24,"minecraft:white_tulip":3,"minecraft:oak_boat":4,"minecraft:rose_bush":1,"minecraft:calcite":1,"minecraft:iron_pickaxe":6,"minecraft:minecart":2,"minecraft:chest":1,"minecraft:sugar_cane":4,"minecraft:birch_sapling":2,"minecraft:furnace":4,"minecraft:egg":3,"minecraft:stick":3,"minecraft:raw_iron":133,"minecraft:torch":39,"minecraft:porkchop":17,"minecraft:pointed_dripstone":49,"minecraft:diorite":21,"minecraft:rotten_flesh":8,"minecraft:arrow":9,"minecraft:diamond_chestplate":1,"minecraft:diamond_boots":1,"minecraft:pink_tulip":27,"minecraft:obsidian":13,"minecraft:mutton":23,"minecraft:snowball":127,"minecraft:white_wool":20,"minecraft:cobblestone":1410,"minecraft:birch_log":5,"minecraft:clock":1,"minecraft:cooked_beef":3,"minecraft:andesite":46,"minecraft:salmon":22,"minecraft:leather":12,"minecraft:potato":275,"minecraft:flint":1,"minecraft:tuff":126,"minecraft:oak_log":318,"minecraft:lily_pad":1,"minecraft:gunpowder":3,"minecraft:lapis_lazuli":6,"minecraft:dirt":32,"minecraft:bone":5,"minecraft:apple":4,"minecraft:wheat_seeds":1,"minecraft:raw_gold":3,"minecraft:iron_ingot":53,"minecraft:stone_pickaxe":2,"minecraft:diamond_helmet":1,"minecraft:oak_planks":2,"minecraft:pink_bed":2,"minecraft:smooth_basalt":2,"minecraft:poisonous_potato":2,"minecraft:gravel":40,"minecraft:sand":14,"minecraft:blast_furnace":1,"minecraft:white_bed":7,"minecraft:slime_ball":4,"minecraft:diamond":344,"minecraft:stone_axe":1,"minecraft:granite":20,"minecraft:emerald":2,"minecraft:oak_sapling":6,"minecraft:coal":286},"minecraft:crafted":{"minecraft:cobbled_deepslate_slab":942,"minecraft:oak_planks":504,"minecraft:cobblestone_slab":1776,"minecraft:tripwire_hook":2,"minecraft:diamond_hoe":1,"minecraft:furnace":2,"minecraft:oak_trapdoor":14,"minecraft:cooked_mutton":23,"minecraft:glass_pane":160,"minecraft:diamond_helmet":1,"minecraft:diamond_leggings":1,"minecraft:iron_boots":1,"minecraft:stone_pickaxe":1,"minecraft:chest":23,"minecraft:oak_button":1,"minecraft:diamond_boots":1,"minecraft:cooked_beef":27,"minecraft:oak_slab":18,"minecraft:diamond_sword":2,"minecraft:cooked_porkchop":16,"minecraft:diamond_axe":2,"minecraft:crafting_table":6,"minecraft:powered_rail":18,"minecraft:baked_potato":16,"minecraft:iron_helmet":2,"minecraft:cooked_salmon":21,"minecraft:bucket":2,"minecraft:birch_planks":20,"minecraft:stone_axe":1,"minecraft:air":0,"minecraft:oak_boat":2,"minecraft:iron_chestplate":1,"minecraft:diamond_pickaxe":4,"minecraft:stick":84,"minecraft:iron_ingot":42,"minecraft:iron_pickaxe":2,"minecraft:stone_sword":1,"minecraft:gold_ingot":18,"minecraft:iron_leggings":1,"minecraft:white_bed":6,"minecraft:redstone_torch":3,"minecraft:composter":2,"minecraft:diorite_slab":12,"minecraft:torch":180,"minecraft:diamond_chestplate":1},"minecraft:mined":{"minecraft:diamond_ore":6,"minecraft:tuff":175,"minecraft:white_bed":7,"minecraft:deepslate_diamond_ore":281,"minecraft:granite":34,"minecraft:grass_block":18,"minecraft:tall_seagrass":4,"minecraft:magma_block":1,"minecraft:furnace":2,"minecraft:iron_ore":46,"minecraft:cobbled_deepslate":40,"minecraft:andesite":51,"minecraft:potatoes":79,"minecraft:pointed_dripstone":4,"minecraft:deepslate_iron_ore":63,"minecraft:pink_tulip":30,"minecraft:white_tulip":2,"minecraft:stone":1272,"minecraft:crafting_table":9,"minecraft:torch":17,"minecraft:short_grass":43,"minecraft:emerald_ore":2,"minecraft:calcite":5,"minecraft:chest":1,"minecraft:rose_bush":1,"minecraft:tall_grass":1,"minecraft:copper_ore":2,"minecraft:cobblestone":5,"minecraft:deepslate_coal_ore":1,"minecraft:lapis_ore":2,"minecraft:deepslate_gold_ore":3,"minecraft:sugar_cane":3,"minecraft:diorite":21,"minecraft:wall_torch":23,"minecraft:amethyst_block":1,"minecraft:seagrass":4,"minecraft:birch_log":7,"minecraft:birch_leaves":11,"minecraft:oak_log":294,"minecraft:coal_ore":189,"minecraft:sand":12,"minecraft:gravel":70,"minecraft:dripstone_block":1,"minecraft:dirt":21,"minecraft:smooth_basalt":5,"minecraft:oak_leaves":84,"minecraft:deepslate":2022},"minecraft:killed":{"minecraft:spider":3,"minecraft:skeleton":7,"minecraft:horse":1,"minecraft:chicken":17,"minecraft:drowned":3,"minecraft:pig":9,"minecraft:salmon":24,"minecraft:creeper":6,"minecraft:sheep":18,"minecraft:zombie":10,"minecraft:cow":12},"minecraft:killed_by":{"minecraft:player":1},"minecraft:dropped":{"minecraft:wheat_seeds":1,"minecraft:oak_log":192,"minecraft:diamond":48,"minecraft:crafting_table":2,"minecraft:poisonous_potato":2,"minecraft:iron_helmet":2,"minecraft:cobblestone":47,"minecraft:amethyst_block":1,"minecraft:apple":1,"minecraft:granite":2,"minecraft:coal":54,"minecraft:stick":2,"minecraft:flint":1,"minecraft:dirt":7,"minecraft:diorite":13,"minecraft:rose_bush":1,"minecraft:sand":2,"minecraft:iron_pickaxe":4,"minecraft:lily_pad":1,"minecraft:pink_tulip":27,"minecraft:gravel":40,"minecraft:white_tulip":3,"minecraft:furnace":1,"minecraft:stone_axe":2,"minecraft:pink_bed":2,"minecraft:stone_sword":1,"minecraft:cobbled_deepslate":260,"minecraft:raw_copper":12,"minecraft:tuff":125,"minecraft:birch_sapling":2,"minecraft:raw_iron":18,"minecraft:pointed_dripstone":49,"minecraft:rotten_flesh":3,"minecraft:salmon":1,"minecraft:potato":1,"minecraft:gunpowder":1,"minecraft:iron_chestplate":1,"minecraft:andesite":9,"minecraft:oak_sapling":6,"minecraft:slime_ball":4,"minecraft:arrow":6,"minecraft:stone_pickaxe":1,"minecraft:calcite":1,"minecraft:egg":3},"minecraft:custom":{"minecraft:mob_kills":111,"minecraft:interact_with_crafting_table":45,"minecraft:bell_ring":12,"minecraft:leave_game":20,"minecraft:time_since_death":556999,"minecraft:climb_one_cm":186,"minecraft:sprint_one_cm":618810,"minecraft:walk_one_cm":1057923,"minecraft:drop":293,"minecraft:talked_to_villager":1,"minecraft:play_time":738084,"minecraft:sneak_time":49735,"minecraft:deaths":4,"minecraft:walk_under_water_one_cm":168531,"minecraft:boat_one_cm":533021,"minecraft:jump":4954,"minecraft:interact_with_blast_furnace":1,"minecraft:walk_on_water_one_cm":63163,"minecraft:total_world_time":738084,"minecraft:interact_with_furnace":22,"minecraft:sleep_in_bed":15,"minecraft:time_since_rest":5155,"minecraft:damage_taken":2676,"minecraft:damage_dealt":10611,"minecraft:swim_one_cm":140339,"minecraft:fly_one_cm":814659,"minecraft:open_chest":65,"minecraft:crouch_one_cm":158666,"minecraft:interact_with_smoker":22,"minecraft:fall_one_cm":99614,"minecraft:horse_one_cm":430},"minecraft:broken":{"minecraft:stone_pickaxe":2,"minecraft:diamond_pickaxe":1,"minecraft:iron_pickaxe":3}},"DataVersion":3953}