{"stats":{"minecraft:mined":{"minecraft:diamond_ore":4,"minecraft:tuff":2,"minecraft:deepslate_diamond_ore":35,"minecraft:crafting_table":3,"minecraft:granite":32,"minecraft:short_grass":2,"minecraft:grass_block":3,"minecraft:calcite":5,"minecraft:rose_bush":1,"minecraft:cobblestone":5,"minecraft:deepslate_gold_ore":3,"minecraft:deepslate_coal_ore":1,"minecraft:lapis_ore":2,"minecraft:diorite":15,"minecraft:amethyst_block":1,"minecraft:furnace":1,"minecraft:birch_log":7,"minecraft:iron_ore":46,"minecraft:birch_leaves":3,"minecraft:andesite":42,"minecraft:oak_log":51,"minecraft:pointed_dripstone":4,"minecraft:coal_ore":138,"minecraft:deepslate_iron_ore":63,"minecraft:gravel":5,"minecraft:dripstone_block":1,"minecraft:dirt":4,"minecraft:pink_tulip":30,"minecraft:smooth_basalt":5,"minecraft:stone":486,"minecraft:white_tulip":2,"minecraft:oak_leaves":16,"minecraft:deepslate":262},"minecraft:broken":{"minecraft:stone_pickaxe":2,"minecraft:iron_pickaxe":3},"minecraft:used":{"minecraft:diorite":2,"minecraft:stone_sword":53,"minecraft:stone_pickaxe":262,"minecraft:torch":109,"minecraft:crafting_table":5,"minecraft:iron_pickaxe":895,"minecraft:iron_helmet":1,"minecraft:diamond_chestplate":1,"minecraft:stone_axe":104,"minecraft:cobblestone":31,"minecraft:furnace":3,"minecraft:cooked_porkchop":2,"minecraft:cooked_beef":6,"minecraft:cobbled_deepslate":24},"minecraft:custom":{"minecraft:interact_with_furnace":16,"minecraft:mob_kills":16,"minecraft:interact_with_crafting_table":10,"minecraft:leave_game":3,"minecraft:time_since_death":141145,"minecraft:climb_one_cm":186,"minecraft:time_since_rest":141145,"minecraft:sprint_one_cm":54587,"minecraft:damage_taken":681,"minecraft:walk_one_cm":265991,"minecraft:drop":46,"minecraft:damage_dealt":2461,"minecraft:swim_one_cm":4984,"minecraft:fly_one_cm":47521,"minecraft:play_time":141145,"minecraft:crouch_one_cm":39487,"minecraft:sneak_time":15542,"minecraft:walk_under_water_one_cm":2242,"minecraft:boat_one_cm":222915,"minecraft:jump":1127,"minecraft:walk_on_water_one_cm":25367,"minecraft:total_world_time":141145,"minecraft:fall_one_cm":25507,"minecraft:horse_one_cm":430},"minecraft:dropped":{"minecraft:white_tulip":3,"minecraft:furnace":1,"minecraft:crafting_table":2,"minecraft:birch_sapling":1,"minecraft:raw_iron":18,"minecraft:rotten_flesh":3,"minecraft:coal":54,"minecraft:dirt":1,"minecraft:rose_bush":1,"minecraft:oak_sapling":6,"minecraft:stone_pickaxe":1,"minecraft:lily_pad":1,"minecraft:pink_tulip":27},"minecraft:crafted":{"minecraft:cooked_beef":6,"minecraft:oak_planks":204,"minecraft:cooked_porkchop":8,"minecraft:crafting_table":2,"minecraft:iron_helmet":1,"minecraft:furnace":1,"minecraft:stone_axe":1,"minecraft:air":0,"minecraft:iron_boots":1,"minecraft:stick":36,"minecraft:iron_ingot":42,"minecraft:iron_pickaxe":2,"minecraft:stone_pickaxe":1,"minecraft:stone_sword":1,"minecraft:iron_leggings":1,"minecraft:torch":108,"minecraft:diamond_chestplate":1},"minecraft:picked_up":{"minecraft:birch_log":5,"minecraft:crafting_table":5,"minecraft:andesite":37,"minecraft:leather":1,"minecraft:oak_log":51,"minecraft:lily_pad":1,"minecraft:amethyst_block":1,"minecraft:lapis_lazuli":6,"minecraft:dirt":7,"minecraft:apple":3,"minecraft:cobbled_deepslate":152,"minecraft:raw_gold":3,"minecraft:white_tulip":3,"minecraft:iron_ingot":17,"minecraft:beef":6,"minecraft:stone_pickaxe":2,"minecraft:rose_bush":1,"minecraft:calcite":1,"minecraft:iron_pickaxe":2,"minecraft:birch_sapling":2,"minecraft:oak_planks":2,"minecraft:furnace":3,"minecraft:stick":2,"minecraft:raw_iron":108,"minecraft:smooth_basalt":2,"minecraft:torch":1,"minecraft:porkchop":8,"minecraft:sand":2,"minecraft:pointed_dripstone":7,"minecraft:diorite":15,"minecraft:arrow":6,"minecraft:rotten_flesh":3,"minecraft:slime_ball":4,"minecraft:diamond":42,"minecraft:granite":18,"minecraft:pink_tulip":27,"minecraft:oak_sapling":6,"minecraft:coal":171,"minecraft:cobblestone":456},"minecraft:killed":{"minecraft:pig":4,"minecraft:spider":1,"minecraft:creeper":2,"minecraft:horse":1,"minecraft:zombie":5,"minecraft:cow":2}},"DataVersion":3953}