{"stats":{"minecraft:broken":{"minecraft:stone_pickaxe":2,"minecraft:diamond_pickaxe":1,"minecraft:iron_pickaxe":3},"minecraft:mined":{"minecraft:white_bed":11,"minecraft:granite":37,"minecraft:grass_block":107,"minecraft:tall_seagrass":6,"minecraft:magma_block":1,"minecraft:iron_ore":46,"minecraft:cobbled_deepslate":42,"minecraft:barrel":23,"minecraft:azure_bluet":1,"minecraft:pointed_dripstone":4,"minecraft:dirt_path":4,"minecraft:pink_tulip":30,"minecraft:tripwire":6,"minecraft:torch":18,"minecraft:calcite":5,"minecraft:chest":1,"minecraft:nether_quartz_ore":2,"minecraft:cobblestone":8,"minecraft:sugar_cane":3,"minecraft:oak_planks":11,"minecraft:wall_torch":23,"minecraft:amethyst_block":1,"minecraft:seagrass":4,"minecraft:birch_log":7,"minecraft:oak_log":294,"minecraft:sand":12,"minecraft:dirt":143,"minecraft:smooth_basalt":5,"minecraft:netherrack":123,"minecraft:oak_leaves":84,"minecraft:deepslate":2022,"minecraft:diamond_ore":6,"minecraft:tuff":175,"minecraft:deepslate_diamond_ore":281,"minecraft:furnace":2,"minecraft:andesite":51,"minecraft:bookshelf":10,"minecraft:potatoes":106,"minecraft:deepslate_iron_ore":63,"minecraft:rail":137,"minecraft:stone":1328,"minecraft:white_tulip":2,"minecraft:glass_pane":2,"minecraft:dandelion":4,"minecraft:crafting_table":10,"minecraft:cornflower":1,"minecraft:short_grass":73,"minecraft:emerald_ore":2,"minecraft:warped_roots":1,"minecraft:rose_bush":1,"minecraft:lectern":161,"minecraft:tall_grass":3,"minecraft:copper_ore":2,"minecraft:deepslate_coal_ore":1,"minecraft:lapis_ore":2,"minecraft:deepslate_gold_ore":3,"minecraft:diorite":21,"minecraft:warped_wart_block":2,"minecraft:cobblestone_wall":34,"minecraft:redstone_torch":1,"minecraft:birch_leaves":11,"minecraft:coal_ore":189,"minecraft:gravel":70,"minecraft:dripstone_block":1},"minecraft:killed_by":{"minecraft:player":1},"minecraft:used":{"minecraft:dispenser":1,"minecraft:diamond_hoe":274,"minecraft:chest":33,"minecraft:rotten_flesh":4,"minecraft:carrot":90,"minecraft:tuff":1,"minecraft:snowball":9,"minecraft:glass":7,"minecraft:villager_spawn_egg":2,"minecraft:grass_block":828,"minecraft:iron_helmet":1,"minecraft:furnace":4,"minecraft:potato":282,"minecraft:diorite":2,"minecraft:powered_rail":5,"minecraft:stone_pickaxe":262,"minecraft:oak_planks":10,"minecraft:composter":2,"minecraft:diamond_axe":565,"minecraft:sugar_cane":4,"minecraft:white_wool":1,"minecraft:sand":11,"minecraft:shears":40,"minecraft:redstone_torch":3,"minecraft:lever":1,"minecraft:bread":4,"minecraft:string":90,"minecraft:lectern":165,"minecraft:diamond_sword":297,"minecraft:oak_boat":23,"minecraft:oak_trapdoor":18,"minecraft:stone_sword":53,"minecraft:cooked_salmon":2,"minecraft:netherrack":96,"minecraft:torch":282,"minecraft:dirt":931,"minecraft:hopper":12,"minecraft:cobblestone_wall":379,"minecraft:diamond_helmet":1,"minecraft:granite":2,"minecraft:bookshelf":10,"minecraft:cherry_slab":6,"minecraft:barrel":35,"minecraft:diamond_chestplate":1,"minecraft:tripwire_hook":2,"minecraft:cooked_beef":36,"minecraft:cobbled_deepslate":396,"minecraft:cooked_mutton":2,"minecraft:water_bucket":9,"minecraft:baked_potato":5,"minecraft:cobblestone_slab":162,"minecraft:salmon":1,"minecraft:rail":172,"minecraft:oak_slab":6,"minecraft:crafting_table":15,"minecraft:white_bed":17,"minecraft:diamond_pickaxe":3447,"minecraft:diamond_shovel":152,"minecraft:oak_button":1,"minecraft:iron_pickaxe":1001,"minecraft:stone_axe":105,"minecraft:cobblestone":114,"minecraft:cooked_porkchop":11,"minecraft:bucket":9,"minecraft:glass_pane":110,"minecraft:splash_potion":20},"minecraft:custom":{"minecraft:animals_bred":1,"minecraft:interact_with_crafting_table":57,"minecraft:open_barrel":48,"minecraft:bell_ring":12,"minecraft:leave_game":33,"minecraft:time_since_death":1016185,"minecraft:sprint_one_cm":1155388,"minecraft:drop":401,"minecraft:talked_to_villager":438,"minecraft:play_time":1197270,"minecraft:deaths":4,"minecraft:jump":8963,"minecraft:walk_on_water_one_cm":80429,"minecraft:interact_with_furnace":24,"minecraft:traded_with_villager":1672,"minecraft:sleep_in_bed":45,"minecraft:damage_dealt":15174,"minecraft:crouch_one_cm":252194,"minecraft:interact_with_smoker":24,"minecraft:inspect_dispenser":14,"minecraft:horse_one_cm":430,"minecraft:mob_kills":156,"minecraft:inspect_hopper":9,"minecraft:climb_one_cm":186,"minecraft:walk_one_cm":1901636,"minecraft:sneak_time":72390,"minecraft:walk_under_water_one_cm":180124,"minecraft:boat_one_cm":537515,"minecraft:interact_with_blast_furnace":6,"minecraft:total_world_time":1197270,"minecraft:time_since_rest":2743,"minecraft:damage_taken":3278,"minecraft:swim_one_cm":180500,"minecraft:fly_one_cm":1710625,"minecraft:open_chest":285,"minecraft:fall_one_cm":157187},"minecraft:dropped":{"minecraft:oak_log":192,"minecraft:baked_potato":11,"minecraft:diamond":48,"minecraft:crafting_table":2,"minecraft:flint":1,"minecraft:dirt":7,"minecraft:cornflower":3,"minecraft:sand":2,"minecraft:iron_pickaxe":4,"minecraft:gravel":40,"minecraft:white_tulip":3,"minecraft:stone_axe":2,"minecraft:pink_bed":2,"minecraft:cobbled_deepslate":260,"minecraft:birch_sapling":2,"minecraft:pointed_dripstone":49,"minecraft:rotten_flesh":3,"minecraft:salmon":1,"minecraft:gunpowder":1,"minecraft:arrow":6,"minecraft:quartz":8,"minecraft:egg":3,"minecraft:wheat_seeds":2,"minecraft:poisonous_potato":2,"minecraft:iron_helmet":2,"minecraft:cobblestone":47,"minecraft:book":3,"minecraft:apple":1,"minecraft:amethyst_block":1,"minecraft:granite":2,"minecraft:coal":54,"minecraft:stick":2,"minecraft:diorite":13,"minecraft:rose_bush":1,"minecraft:diamond_helmet":1,"minecraft:string":3001,"minecraft:lily_pad":1,"minecraft:pink_tulip":27,"minecraft:furnace":1,"minecraft:stone_sword":1,"minecraft:raw_copper":12,"minecraft:tuff":125,"minecraft:raw_iron":18,"minecraft:composter":128,"minecraft:potato":1,"minecraft:iron_chestplate":1,"minecraft:andesite":9,"minecraft:oak_sapling":6,"minecraft:barrel":31,"minecraft:diamond_boots":1,"minecraft:slime_ball":4,"minecraft:stone_pickaxe":1,"minecraft:calcite":1},"minecraft:crafted":{"minecraft:oak_planks":524,"minecraft:cobblestone_slab":2184,"minecraft:cherry_slab":6,"minecraft:lever":1,"minecraft:diamond_shovel":1,"minecraft:bookshelf":17,"minecraft:cooked_mutton":23,"minecraft:diamond_helmet":1,"minecraft:iron_boots":1,"minecraft:diamond_leggings":1,"minecraft:chest":24,"minecraft:oak_button":1,"minecraft:oak_slab":48,"minecraft:emerald":1637,"minecraft:cooked_porkchop":16,"minecraft:diamond_axe":2,"minecraft:crafting_table":6,"minecraft:baked_potato":80,"minecraft:iron_helmet":2,"minecraft:birch_planks":20,"minecraft:lectern":7,"minecraft:iron_chestplate":1,"minecraft:diamond_pickaxe":4,"minecraft:stick":84,"minecraft:iron_ingot":70,"minecraft:iron_pickaxe":2,"minecraft:stone_sword":1,"minecraft:gold_ingot":18,"minecraft:light_gray_dye":1,"minecraft:redstone_torch":3,"minecraft:composter":2,"minecraft:shears":1,"minecraft:cherry_planks":20,"minecraft:cobbled_deepslate_slab":942,"minecraft:tripwire_hook":2,"minecraft:diamond_hoe":1,"minecraft:furnace":2,"minecraft:oak_trapdoor":14,"minecraft:glass_pane":160,"minecraft:stone_pickaxe":1,"minecraft:cobblestone_wall":234,"minecraft:diamond_boots":1,"minecraft:minecart":5,"minecraft:cooked_beef":27,"minecraft:diamond_sword":2,"minecraft:powered_rail":18,"minecraft:cooked_salmon":21,"minecraft:bucket":2,"minecraft:stone_axe":1,"minecraft:enchanted_book":19,"minecraft:air":0,"minecraft:blue_dye":1,"minecraft:oak_boat":2,"minecraft:white_wool":1,"minecraft:iron_leggings":1,"minecraft:white_bed":6,"minecraft:diorite_slab":12,"minecraft:torch":180,"minecraft:diamond_chestplate":1},"minecraft:picked_up":{"minecraft:enchanted_book":1,"minecraft:amethyst_block":1,"minecraft:string":1721,"minecraft:raw_copper":12,"minecraft:diamond_leggings":1,"minecraft:gold_nugget":3,"minecraft:cobbled_deepslate":1456,"minecraft:white_tulip":3,"minecraft:redstone_torch":1,"minecraft:rose_bush":1,"minecraft:calcite":1,"minecraft:iron_pickaxe":6,"minecraft:furnace":4,"minecraft:stick":3,"minecraft:composter":64,"minecraft:torch":40,"minecraft:porkchop":17,"minecraft:pointed_dripstone":49,"minecraft:diorite":21,"minecraft:rotten_flesh":19,"minecraft:obsidian":13,"minecraft:snowball":127,"minecraft:cobblestone":1469,"minecraft:birch_log":5,"minecraft:cooked_beef":3,"minecraft:andesite":46,"minecraft:potato":352,"minecraft:flint":1,"minecraft:tuff":126,"minecraft:dirt":232,"minecraft:lapis_lazuli":6,"minecraft:bone":5,"minecraft:wheat_seeds":6,"minecraft:raw_gold":3,"minecraft:diamond_helmet":2,"minecraft:oak_planks":76,"minecraft:warped_wart_block":2,"minecraft:poisonous_potato":2,"minecraft:sand":14,"minecraft:barrel":23,"minecraft:diamond":344,"minecraft:granite":23,"minecraft:emerald":912,"minecraft:oak_sapling":6,"minecraft:netherrack":231,"minecraft:crafting_table":12,"minecraft:azure_bluet":1,"minecraft:chicken":16,"minecraft:gold_block":2,"minecraft:cornflower":3,"minecraft:beef":24,"minecraft:oak_boat":15,"minecraft:minecart":8,"minecraft:lectern":160,"minecraft:sugar_cane":4,"minecraft:chest":9,"minecraft:birch_sapling":2,"minecraft:egg":3,"minecraft:raw_iron":133,"minecraft:arrow":9,"minecraft:diamond_chestplate":1,"minecraft:diamond_boots":2,"minecraft:pink_tulip":27,"minecraft:mutton":23,"minecraft:rail":135,"minecraft:white_wool":20,"minecraft:oxeye_daisy":1,"minecraft:clock":1,"minecraft:salmon":42,"minecraft:leather":12,"minecraft:oak_log":318,"minecraft:lily_pad":1,"minecraft:cobblestone_wall":34,"minecraft:gunpowder":5,"minecraft:apple":4,"minecraft:iron_ingot":53,"minecraft:stone_pickaxe":2,"minecraft:book":34,"minecraft:pink_bed":2,"minecraft:smooth_basalt":2,"minecraft:quartz":8,"minecraft:dandelion":4,"minecraft:gravel":40,"minecraft:blast_furnace":1,"minecraft:white_bed":11,"minecraft:slime_ball":4,"minecraft:stone_axe":1,"minecraft:coal":286,"minecraft:ender_pearl":1},"minecraft:killed":{"minecraft:zombified_piglin":6,"minecraft:spider":3,"minecraft:skeleton":7,"minecraft:chicken":17,"minecraft:magma_cube":3,"minecraft:pig":9,"minecraft:salmon":48,"minecraft:creeper":8,"minecraft:sheep":18,"minecraft:zombie":11,"minecraft:cow":12,"minecraft:horse":1,"minecraft:drowned":3,"minecraft:villager":7,"minecraft:enderman":1}},"DataVersion":3953}