{"stats":{"minecraft:broken":{"minecraft:stone_pickaxe":2,"minecraft:diamond_pickaxe":1,"minecraft:iron_pickaxe":3},"minecraft:mined":{"minecraft:diamond_ore":6,"minecraft:tuff":175,"minecraft:white_bed":11,"minecraft:deepslate_diamond_ore":281,"minecraft:granite":37,"minecraft:grass_block":107,"minecraft:tall_seagrass":6,"minecraft:magma_block":1,"minecraft:furnace":2,"minecraft:iron_ore":46,"minecraft:barrel":22,"minecraft:cobbled_deepslate":42,"minecraft:andesite":51,"minecraft:azure_bluet":1,"minecraft:bookshelf":4,"minecraft:potatoes":106,"minecraft:pointed_dripstone":4,"minecraft:dirt_path":4,"minecraft:deepslate_iron_ore":63,"minecraft:rail":79,"minecraft:pink_tulip":30,"minecraft:white_tulip":2,"minecraft:stone":1328,"minecraft:tripwire":1,"minecraft:glass_pane":2,"minecraft:dandelion":4,"minecraft:cornflower":1,"minecraft:crafting_table":9,"minecraft:torch":18,"minecraft:short_grass":73,"minecraft:emerald_ore":2,"minecraft:calcite":5,"minecraft:warped_roots":1,"minecraft:chest":1,"minecraft:rose_bush":1,"minecraft:lectern":95,"minecraft:nether_quartz_ore":2,"minecraft:copper_ore":2,"minecraft:tall_grass":3,"minecraft:cobblestone":8,"minecraft:deepslate_coal_ore":1,"minecraft:oak_planks":11,"minecraft:deepslate_gold_ore":3,"minecraft:lapis_ore":2,"minecraft:sugar_cane":3,"minecraft:diorite":21,"minecraft:wall_torch":23,"minecraft:amethyst_block":1,"minecraft:warped_wart_block":2,"minecraft:seagrass":4,"minecraft:cobblestone_wall":20,"minecraft:birch_log":7,"minecraft:redstone_torch":1,"minecraft:birch_leaves":11,"minecraft:coal_ore":189,"minecraft:oak_log":294,"minecraft:gravel":70,"minecraft:sand":12,"minecraft:dripstone_block":1,"minecraft:dirt":142,"minecraft:smooth_basalt":5,"minecraft:netherrack":123,"minecraft:oak_leaves":84,"minecraft:deepslate":2022},"minecraft:killed_by":{"minecraft:player":1},"minecraft:custom":{"minecraft:mob_kills":151,"minecraft:animals_bred":1,"minecraft:inspect_hopper":3,"minecraft:interact_with_crafting_table":56,"minecraft:open_barrel":11,"minecraft:bell_ring":12,"minecraft:leave_game":31,"minecraft:time_since_death":923558,"minecraft:climb_one_cm":186,"minecraft:sprint_one_cm":1072438,"minecraft:walk_one_cm":1747946,"minecraft:drop":315,"minecraft:talked_to_villager":238,"minecraft:play_time":1104643,"minecraft:sneak_time":68644,"minecraft:deaths":4,"minecraft:walk_under_water_one_cm":180124,"minecraft:boat_one_cm":537515,"minecraft:jump":8178,"minecraft:interact_with_blast_furnace":4,"minecraft:walk_on_water_one_cm":71830,"minecraft:total_world_time":1104643,"minecraft:interact_with_furnace":24,"minecraft:traded_with_villager":899,"minecraft:sleep_in_bed":38,"minecraft:time_since_rest":5095,"minecraft:damage_taken":3208,"minecraft:damage_dealt":14103,"minecraft:swim_one_cm":180500,"minecraft:fly_one_cm":1534612,"minecraft:open_chest":219,"minecraft:crouch_one_cm":236068,"minecraft:interact_with_smoker":23,"minecraft:inspect_dispenser":11,"minecraft:fall_one_cm":147083,"minecraft:horse_one_cm":430},"minecraft:used":{"minecraft:oak_trapdoor":18,"minecraft:stone_sword":53,"minecraft:dispenser":1,"minecraft:diamond_hoe":274,"minecraft:chest":33,"minecraft:cooked_salmon":2,"minecraft:rotten_flesh":4,"minecraft:netherrack":96,"minecraft:torch":282,"minecraft:dirt":897,"minecraft:hopper":12,"minecraft:diamond_helmet":1,"minecraft:cobblestone_wall":379,"minecraft:carrot":90,"minecraft:snowball":9,"minecraft:tuff":1,"minecraft:granite":2,"minecraft:glass":7,"minecraft:bookshelf":4,"minecraft:villager_spawn_egg":2,"minecraft:grass_block":828,"minecraft:cherry_slab":6,"minecraft:iron_helmet":1,"minecraft:barrel":33,"minecraft:tripwire_hook":2,"minecraft:diamond_chestplate":1,"minecraft:furnace":4,"minecraft:potato":282,"minecraft:cooked_beef":36,"minecraft:cobbled_deepslate":396,"minecraft:cooked_mutton":2,"minecraft:water_bucket":9,"minecraft:diorite":2,"minecraft:oak_planks":10,"minecraft:sugar_cane":4,"minecraft:stone_pickaxe":262,"minecraft:diamond_axe":457,"minecraft:composter":2,"minecraft:powered_rail":5,"minecraft:cobblestone_slab":162,"minecraft:white_wool":1,"minecraft:salmon":1,"minecraft:sand":11,"minecraft:rail":130,"minecraft:oak_slab":6,"minecraft:crafting_table":15,"minecraft:white_bed":17,"minecraft:shears":6,"minecraft:redstone_torch":3,"minecraft:lever":1,"minecraft:diamond_pickaxe":3393,"minecraft:diamond_shovel":152,"minecraft:iron_pickaxe":1001,"minecraft:string":12,"minecraft:bread":4,"minecraft:oak_button":1,"minecraft:lectern":98,"minecraft:stone_axe":105,"minecraft:diamond_sword":291,"minecraft:cobblestone":114,"minecraft:cooked_porkchop":11,"minecraft:bucket":9,"minecraft:glass_pane":110,"minecraft:oak_boat":23,"minecraft:splash_potion":20},"minecraft:dropped":{"minecraft:wheat_seeds":2,"minecraft:oak_log":192,"minecraft:diamond":48,"minecraft:crafting_table":2,"minecraft:poisonous_potato":2,"minecraft:iron_helmet":2,"minecraft:cobblestone":47,"minecraft:book":3,"minecraft:amethyst_block":1,"minecraft:apple":1,"minecraft:granite":2,"minecraft:coal":54,"minecraft:flint":1,"minecraft:stick":2,"minecraft:dirt":7,"minecraft:diorite":13,"minecraft:cornflower":3,"minecraft:rose_bush":1,"minecraft:diamond_helmet":1,"minecraft:sand":2,"minecraft:iron_pickaxe":4,"minecraft:string":185,"minecraft:lily_pad":1,"minecraft:pink_tulip":27,"minecraft:gravel":40,"minecraft:white_tulip":3,"minecraft:furnace":1,"minecraft:stone_axe":2,"minecraft:pink_bed":2,"minecraft:stone_sword":1,"minecraft:cobbled_deepslate":260,"minecraft:raw_copper":12,"minecraft:tuff":125,"minecraft:birch_sapling":2,"minecraft:composter":128,"minecraft:pointed_dripstone":49,"minecraft:raw_iron":18,"minecraft:rotten_flesh":3,"minecraft:salmon":1,"minecraft:potato":1,"minecraft:gunpowder":1,"minecraft:iron_chestplate":1,"minecraft:andesite":9,"minecraft:oak_sapling":6,"minecraft:diamond_boots":1,"minecraft:slime_ball":4,"minecraft:arrow":6,"minecraft:stone_pickaxe":1,"minecraft:calcite":1,"minecraft:quartz":8,"minecraft:egg":3},"minecraft:crafted":{"minecraft:cherry_planks":20,"minecraft:cobbled_deepslate_slab":942,"minecraft:oak_planks":524,"minecraft:cobblestone_slab":2184,"minecraft:tripwire_hook":2,"minecraft:cherry_slab":6,"minecraft:diamond_hoe":1,"minecraft:furnace":2,"minecraft:lever":1,"minecraft:diamond_shovel":1,"minecraft:bookshelf":11,"minecraft:cooked_mutton":23,"minecraft:glass_pane":160,"minecraft:oak_trapdoor":14,"minecraft:diamond_helmet":1,"minecraft:diamond_leggings":1,"minecraft:iron_boots":1,"minecraft:stone_pickaxe":1,"minecraft:cobblestone_wall":234,"minecraft:chest":24,"minecraft:diamond_boots":1,"minecraft:oak_button":1,"minecraft:minecart":5,"minecraft:cooked_beef":27,"minecraft:oak_slab":48,"minecraft:diamond_sword":2,"minecraft:emerald":886,"minecraft:cooked_porkchop":16,"minecraft:diamond_axe":2,"minecraft:crafting_table":6,"minecraft:iron_helmet":2,"minecraft:powered_rail":18,"minecraft:baked_potato":16,"minecraft:cooked_salmon":21,"minecraft:bucket":2,"minecraft:birch_planks":20,"minecraft:stone_axe":1,"minecraft:enchanted_book":3,"minecraft:air":0,"minecraft:blue_dye":1,"minecraft:oak_boat":2,"minecraft:white_wool":1,"minecraft:lectern":7,"minecraft:iron_chestplate":1,"minecraft:diamond_pickaxe":4,"minecraft:stick":84,"minecraft:iron_ingot":55,"minecraft:iron_pickaxe":2,"minecraft:stone_sword":1,"minecraft:gold_ingot":18,"minecraft:iron_leggings":1,"minecraft:light_gray_dye":1,"minecraft:white_bed":6,"minecraft:redstone_torch":3,"minecraft:composter":2,"minecraft:torch":180,"minecraft:diorite_slab":12,"minecraft:shears":1,"minecraft:diamond_chestplate":1},"minecraft:picked_up":{"minecraft:crafting_table":11,"minecraft:azure_bluet":1,"minecraft:chicken":16,"minecraft:enchanted_book":1,"minecraft:gold_block":2,"minecraft:amethyst_block":1,"minecraft:cornflower":3,"minecraft:string":653,"minecraft:raw_copper":12,"minecraft:diamond_leggings":1,"minecraft:gold_nugget":3,"minecraft:cobbled_deepslate":1456,"minecraft:beef":24,"minecraft:white_tulip":3,"minecraft:oak_boat":15,"minecraft:rose_bush":1,"minecraft:redstone_torch":1,"minecraft:calcite":1,"minecraft:iron_pickaxe":6,"minecraft:minecart":4,"minecraft:lectern":95,"minecraft:sugar_cane":4,"minecraft:chest":9,"minecraft:birch_sapling":2,"minecraft:furnace":4,"minecraft:egg":3,"minecraft:raw_iron":133,"minecraft:stick":3,"minecraft:composter":64,"minecraft:torch":40,"minecraft:porkchop":17,"minecraft:pointed_dripstone":49,"minecraft:diorite":21,"minecraft:arrow":9,"minecraft:rotten_flesh":17,"minecraft:diamond_chestplate":1,"minecraft:diamond_boots":2,"minecraft:pink_tulip":27,"minecraft:obsidian":13,"minecraft:mutton":23,"minecraft:white_wool":20,"minecraft:snowball":127,"minecraft:rail":77,"minecraft:cobblestone":1469,"minecraft:oxeye_daisy":1,"minecraft:birch_log":5,"minecraft:clock":1,"minecraft:cooked_beef":3,"minecraft:salmon":42,"minecraft:andesite":46,"minecraft:leather":12,"minecraft:potato":352,"minecraft:flint":1,"minecraft:tuff":126,"minecraft:oak_log":318,"minecraft:lily_pad":1,"minecraft:cobblestone_wall":20,"minecraft:gunpowder":5,"minecraft:lapis_lazuli":6,"minecraft:dirt":232,"minecraft:bone":5,"minecraft:apple":4,"minecraft:wheat_seeds":6,"minecraft:raw_gold":3,"minecraft:iron_ingot":53,"minecraft:stone_pickaxe":2,"minecraft:diamond_helmet":2,"minecraft:oak_planks":76,"minecraft:book":16,"minecraft:pink_bed":2,"minecraft:smooth_basalt":2,"minecraft:warped_wart_block":2,"minecraft:quartz":8,"minecraft:dandelion":4,"minecraft:poisonous_potato":2,"minecraft:gravel":40,"minecraft:sand":14,"minecraft:blast_furnace":1,"minecraft:white_bed":11,"minecraft:barrel":22,"minecraft:slime_ball":4,"minecraft:diamond":344,"minecraft:stone_axe":1,"minecraft:granite":23,"minecraft:emerald":2,"minecraft:netherrack":231,"minecraft:oak_sapling":6,"minecraft:coal":286,"minecraft:ender_pearl":1},"minecraft:killed":{"minecraft:zombified_piglin":6,"minecraft:spider":3,"minecraft:horse":1,"minecraft:skeleton":7,"minecraft:chicken":17,"minecraft:drowned":3,"minecraft:magma_cube":3,"minecraft:pig":9,"minecraft:salmon":48,"minecraft:creeper":8,"minecraft:sheep":18,"minecraft:zombie":10,"minecraft:villager":3,"minecraft:enderman":1,"minecraft:cow":12}},"DataVersion":3953}