{"stats":{"minecraft:broken":{"minecraft:stone_pickaxe":2},"minecraft:picked_up":{"minecraft:birch_log":5,"minecraft:crafting_table":4,"minecraft:andesite":20,"minecraft:leather":1,"minecraft:oak_log":51,"minecraft:lily_pad":1,"minecraft:dirt":6,"minecraft:apple":3,"minecraft:beef":6,"minecraft:white_tulip":3,"minecraft:stone_pickaxe":2,"minecraft:rose_bush":1,"minecraft:birch_sapling":1,"minecraft:furnace":2,"minecraft:stick":2,"minecraft:raw_iron":8,"minecraft:porkchop":8,"minecraft:sand":2,"minecraft:diorite":5,"minecraft:slime_ball":4,"minecraft:granite":11,"minecraft:pink_tulip":27,"minecraft:oak_sapling":3,"minecraft:coal":96,"minecraft:cobblestone":143},"minecraft:used":{"minecraft:diorite":2,"minecraft:stone_sword":18,"minecraft:stone_pickaxe":262,"minecraft:torch":4,"minecraft:crafting_table":3,"minecraft:stone_axe":99,"minecraft:cobblestone":4,"minecraft:furnace":1,"minecraft:cooked_beef":2},"minecraft:crafted":{"minecraft:cooked_beef":6,"minecraft:oak_planks":12,"minecraft:crafting_table":1,"minecraft:furnace":1,"minecraft:stone_axe":1,"minecraft:air":0,"minecraft:stick":4,"minecraft:stone_pickaxe":1,"minecraft:stone_sword":1,"minecraft:torch":4},"minecraft:killed":{"minecraft:pig":4,"minecraft:horse":1,"minecraft:cow":2},"minecraft:dropped":{"minecraft:white_tulip":3,"minecraft:furnace":1,"minecraft:crafting_table":2,"minecraft:raw_iron":8,"minecraft:coal":54,"minecraft:dirt":1,"minecraft:rose_bush":1,"minecraft:stone_pickaxe":1,"minecraft:pink_tulip":27},"minecraft:custom":{"minecraft:interact_with_furnace":4,"minecraft:mob_kills":7,"minecraft:interact_with_crafting_table":4,"minecraft:time_since_death":47431,"minecraft:climb_one_cm":186,"minecraft:time_since_rest":47431,"minecraft:sprint_one_cm":34231,"minecraft:damage_taken":70,"minecraft:walk_one_cm":89078,"minecraft:drop":40,"minecraft:damage_dealt":762,"minecraft:swim_one_cm":4984,"minecraft:fly_one_cm":37271,"minecraft:crouch_one_cm":7069,"minecraft:play_time":47431,"minecraft:sneak_time":2115,"minecraft:walk_under_water_one_cm":1904,"minecraft:boat_one_cm":222915,"minecraft:jump":361,"minecraft:walk_on_water_one_cm":22822,"minecraft:total_world_time":47431,"minecraft:fall_one_cm":4627,"minecraft:horse_one_cm":430},"minecraft:mined":{"minecraft:crafting_table":2,"minecraft:granite":11,"minecraft:short_grass":2,"minecraft:grass_block":3,"minecraft:rose_bush":1,"minecraft:diorite":5,"minecraft:furnace":1,"minecraft:birch_log":7,"minecraft:iron_ore":8,"minecraft:birch_leaves":3,"minecraft:andesite":20,"minecraft:oak_log":51,"minecraft:coal_ore":63,"minecraft:dirt":4,"minecraft:pink_tulip":30,"minecraft:white_tulip":2,"minecraft:stone":153,"minecraft:oak_leaves":16}},"DataVersion":3953}