{"stats":{"minecraft:crafted":{"minecraft:cooked_beef":6,"minecraft:oak_planks":300,"minecraft:diamond_sword":1,"minecraft:cooked_porkchop":8,"minecraft:diamond_axe":1,"minecraft:crafting_table":4,"minecraft:iron_helmet":2,"minecraft:furnace":1,"minecraft:birch_planks":20,"minecraft:stone_axe":1,"minecraft:air":0,"minecraft:iron_chestplate":1,"minecraft:diamond_helmet":1,"minecraft:diamond_leggings":1,"minecraft:iron_boots":1,"minecraft:diamond_pickaxe":3,"minecraft:stick":60,"minecraft:iron_ingot":42,"minecraft:iron_pickaxe":2,"minecraft:stone_pickaxe":1,"minecraft:stone_sword":1,"minecraft:diamond_boots":1,"minecraft:iron_leggings":1,"minecraft:torch":164,"minecraft:diamond_chestplate":1},"minecraft:broken":{"minecraft:stone_pickaxe":2,"minecraft:iron_pickaxe":3},"minecraft:mined":{"minecraft:diamond_ore":4,"minecraft:tuff":156,"minecraft:deepslate_diamond_ore":202,"minecraft:crafting_table":6,"minecraft:torch":6,"minecraft:granite":32,"minecraft:short_grass":2,"minecraft:calcite":5,"minecraft:grass_block":5,"minecraft:rose_bush":1,"minecraft:cobblestone":5,"minecraft:deepslate_coal_ore":1,"minecraft:deepslate_gold_ore":3,"minecraft:lapis_ore":2,"minecraft:diorite":15,"minecraft:wall_torch":2,"minecraft:amethyst_block":1,"minecraft:furnace":1,"minecraft:cobbled_deepslate":1,"minecraft:birch_log":7,"minecraft:iron_ore":46,"minecraft:birch_leaves":3,"minecraft:andesite":42,"minecraft:coal_ore":138,"minecraft:pointed_dripstone":4,"minecraft:oak_log":51,"minecraft:deepslate_iron_ore":63,"minecraft:gravel":58,"minecraft:dripstone_block":1,"minecraft:dirt":4,"minecraft:pink_tulip":30,"minecraft:smooth_basalt":5,"minecraft:stone":486,"minecraft:white_tulip":2,"minecraft:oak_leaves":16,"minecraft:deepslate":1787},"minecraft:dropped":{"minecraft:white_tulip":3,"minecraft:furnace":1,"minecraft:stone_axe":2,"minecraft:stone_sword":1,"minecraft:cobbled_deepslate":3,"minecraft:diamond":48,"minecraft:crafting_table":2,"minecraft:birch_sapling":2,"minecraft:raw_iron":18,"minecraft:pointed_dripstone":49,"minecraft:iron_helmet":1,"minecraft:rotten_flesh":3,"minecraft:amethyst_block":1,"minecraft:coal":54,"minecraft:dirt":1,"minecraft:diorite":13,"minecraft:rose_bush":1,"minecraft:oak_sapling":6,"minecraft:slime_ball":4,"minecraft:sand":2,"minecraft:arrow":6,"minecraft:stone_pickaxe":1,"minecraft:calcite":1,"minecraft:lily_pad":1,"minecraft:pink_tulip":27},"minecraft:custom":{"minecraft:interact_with_furnace":16,"minecraft:mob_kills":16,"minecraft:interact_with_crafting_table":16,"minecraft:leave_game":10,"minecraft:time_since_death":44385,"minecraft:climb_one_cm":186,"minecraft:time_since_rest":44417,"minecraft:sprint_one_cm":104940,"minecraft:damage_taken":1373,"minecraft:walk_one_cm":378838,"minecraft:drop":66,"minecraft:damage_dealt":2564,"minecraft:swim_one_cm":15338,"minecraft:fly_one_cm":187669,"minecraft:play_time":225470,"minecraft:crouch_one_cm":87642,"minecraft:sneak_time":35428,"minecraft:deaths":4,"minecraft:walk_under_water_one_cm":140937,"minecraft:boat_one_cm":222915,"minecraft:jump":1415,"minecraft:walk_on_water_one_cm":30645,"minecraft:total_world_time":225470,"minecraft:fall_one_cm":28067,"minecraft:horse_one_cm":430},"minecraft:killed":{"minecraft:pig":4,"minecraft:spider":1,"minecraft:creeper":2,"minecraft:horse":1,"minecraft:zombie":5,"minecraft:cow":2},"minecraft:picked_up":{"minecraft:birch_log":5,"minecraft:crafting_table":9,"minecraft:andesite":37,"minecraft:leather":1,"minecraft:flint":1,"minecraft:tuff":107,"minecraft:oak_log":75,"minecraft:lily_pad":1,"minecraft:amethyst_block":1,"minecraft:lapis_lazuli":6,"minecraft:dirt":9,"minecraft:apple":3,"minecraft:diamond_leggings":1,"minecraft:cobbled_deepslate":1183,"minecraft:raw_gold":3,"minecraft:iron_ingot":53,"minecraft:beef":6,"minecraft:white_tulip":3,"minecraft:stone_pickaxe":2,"minecraft:rose_bush":1,"minecraft:calcite":1,"minecraft:iron_pickaxe":3,"minecraft:diamond_helmet":1,"minecraft:birch_sapling":2,"minecraft:oak_planks":2,"minecraft:furnace":3,"minecraft:stick":2,"minecraft:raw_iron":108,"minecraft:smooth_basalt":2,"minecraft:gravel":22,"minecraft:torch":7,"minecraft:porkchop":8,"minecraft:sand":2,"minecraft:pointed_dripstone":49,"minecraft:diorite":15,"minecraft:diamond_chestplate":1,"minecraft:arrow":6,"minecraft:rotten_flesh":3,"minecraft:slime_ball":4,"minecraft:diamond":257,"minecraft:stone_axe":1,"minecraft:diamond_boots":1,"minecraft:granite":18,"minecraft:pink_tulip":27,"minecraft:oak_sapling":6,"minecraft:coal":235,"minecraft:cobblestone":456},"minecraft:killed_by":{"minecraft:player":1},"minecraft:used":{"minecraft:diorite":2,"minecraft:stone_sword":53,"minecraft:stone_pickaxe":262,"minecraft:torch":154,"minecraft:crafting_table":10,"minecraft:diamond_helmet":1,"minecraft:diamond_pickaxe":1802,"minecraft:iron_pickaxe":1001,"minecraft:iron_helmet":1,"minecraft:cobblestone":80,"minecraft:diamond_chestplate":1,"minecraft:stone_axe":105,"minecraft:furnace":3,"minecraft:cooked_porkchop":3,"minecraft:cooked_beef":6,"minecraft:cobbled_deepslate":32}},"DataVersion":3953}