{"stats":{"minecraft:broken":{"minecraft:stone_pickaxe":2,"minecraft:iron_pickaxe":3},"minecraft:mined":{"minecraft:diamond_ore":6,"minecraft:tuff":175,"minecraft:white_bed":1,"minecraft:deepslate_diamond_ore":281,"minecraft:granite":32,"minecraft:grass_block":6,"minecraft:tall_seagrass":4,"minecraft:furnace":2,"minecraft:iron_ore":46,"minecraft:cobbled_deepslate":18,"minecraft:andesite":51,"minecraft:pointed_dripstone":4,"minecraft:deepslate_iron_ore":63,"minecraft:pink_tulip":30,"minecraft:white_tulip":2,"minecraft:stone":533,"minecraft:crafting_table":9,"minecraft:torch":17,"minecraft:short_grass":5,"minecraft:calcite":5,"minecraft:rose_bush":1,"minecraft:copper_ore":1,"minecraft:cobblestone":5,"minecraft:deepslate_coal_ore":1,"minecraft:lapis_ore":2,"minecraft:deepslate_gold_ore":3,"minecraft:diorite":15,"minecraft:wall_torch":23,"minecraft:amethyst_block":1,"minecraft:seagrass":4,"minecraft:birch_log":7,"minecraft:birch_leaves":8,"minecraft:oak_log":250,"minecraft:coal_ore":138,"minecraft:gravel":70,"minecraft:dripstone_block":1,"minecraft:dirt":7,"minecraft:smooth_basalt":5,"minecraft:oak_leaves":67,"minecraft:deepslate":2022},"minecraft:killed_by":{"minecraft:player":1},"minecraft:custom":{"minecraft:mob_kills":52,"minecraft:interact_with_crafting_table":20,"minecraft:leave_game":15,"minecraft:time_since_death":144114,"minecraft:climb_one_cm":186,"minecraft:sprint_one_cm":139005,"minecraft:walk_one_cm":552200,"minecraft:drop":88,"minecraft:play_time":325199,"minecraft:deaths":4,"minecraft:sneak_time":37684,"minecraft:walk_under_water_one_cm":156621,"minecraft:boat_one_cm":222915,"minecraft:jump":1825,"minecraft:interact_with_blast_furnace":1,"minecraft:walk_on_water_one_cm":37270,"minecraft:total_world_time":325199,"minecraft:interact_with_furnace":19,"minecraft:sleep_in_bed":1,"minecraft:time_since_rest":4953,"minecraft:damage_taken":1404,"minecraft:damage_dealt":4515,"minecraft:swim_one_cm":32493,"minecraft:fly_one_cm":195244,"minecraft:crouch_one_cm":94278,"minecraft:interact_with_smoker":2,"minecraft:fall_one_cm":30552,"minecraft:horse_one_cm":430},"minecraft:used":{"minecraft:stone_sword":53,"minecraft:torch":190,"minecraft:diamond_helmet":1,"minecraft:tuff":1,"minecraft:iron_helmet":1,"minecraft:diamond_chestplate":1,"minecraft:furnace":4,"minecraft:cooked_beef":6,"minecraft:potato":25,"minecraft:cobbled_deepslate":270,"minecraft:diorite":2,"minecraft:stone_pickaxe":262,"minecraft:diamond_axe":264,"minecraft:crafting_table":13,"minecraft:white_bed":2,"minecraft:diamond_pickaxe":2236,"minecraft:iron_pickaxe":1001,"minecraft:stone_axe":105,"minecraft:diamond_sword":68,"minecraft:cobblestone":80,"minecraft:cooked_porkchop":3},"minecraft:dropped":{"minecraft:diamond":48,"minecraft:crafting_table":2,"minecraft:iron_helmet":2,"minecraft:cobblestone":47,"minecraft:amethyst_block":1,"minecraft:apple":1,"minecraft:coal":54,"minecraft:stick":2,"minecraft:flint":1,"minecraft:dirt":1,"minecraft:diorite":13,"minecraft:rose_bush":1,"minecraft:sand":2,"minecraft:iron_pickaxe":4,"minecraft:lily_pad":1,"minecraft:pink_tulip":27,"minecraft:gravel":40,"minecraft:white_tulip":3,"minecraft:furnace":1,"minecraft:stone_axe":2,"minecraft:stone_sword":1,"minecraft:cobbled_deepslate":260,"minecraft:raw_copper":8,"minecraft:tuff":125,"minecraft:birch_sapling":2,"minecraft:raw_iron":18,"minecraft:pointed_dripstone":49,"minecraft:rotten_flesh":3,"minecraft:iron_chestplate":1,"minecraft:andesite":9,"minecraft:oak_sapling":6,"minecraft:slime_ball":4,"minecraft:arrow":6,"minecraft:stone_pickaxe":1,"minecraft:calcite":1},"minecraft:crafted":{"minecraft:oak_planks":300,"minecraft:furnace":2,"minecraft:diamond_helmet":1,"minecraft:diamond_leggings":1,"minecraft:iron_boots":1,"minecraft:stone_pickaxe":1,"minecraft:diamond_boots":1,"minecraft:cooked_beef":6,"minecraft:diamond_sword":2,"minecraft:cooked_porkchop":16,"minecraft:diamond_axe":2,"minecraft:crafting_table":4,"minecraft:iron_helmet":2,"minecraft:birch_planks":20,"minecraft:stone_axe":1,"minecraft:air":0,"minecraft:iron_chestplate":1,"minecraft:diamond_pickaxe":3,"minecraft:stick":64,"minecraft:iron_ingot":42,"minecraft:iron_pickaxe":2,"minecraft:stone_sword":1,"minecraft:iron_leggings":1,"minecraft:white_bed":2,"minecraft:torch":164,"minecraft:diamond_chestplate":1},"minecraft:picked_up":{"minecraft:crafting_table":11,"minecraft:chicken":2,"minecraft:amethyst_block":1,"minecraft:raw_copper":8,"minecraft:diamond_leggings":1,"minecraft:cobbled_deepslate":1432,"minecraft:beef":14,"minecraft:white_tulip":3,"minecraft:rose_bush":1,"minecraft:calcite":1,"minecraft:iron_pickaxe":6,"minecraft:birch_sapling":2,"minecraft:furnace":4,"minecraft:stick":3,"minecraft:raw_iron":133,"minecraft:torch":39,"minecraft:porkchop":17,"minecraft:pointed_dripstone":49,"minecraft:diorite":15,"minecraft:diamond_chestplate":1,"minecraft:arrow":6,"minecraft:rotten_flesh":3,"minecraft:diamond_boots":1,"minecraft:pink_tulip":27,"minecraft:mutton":3,"minecraft:cobblestone":550,"minecraft:white_wool":6,"minecraft:birch_log":5,"minecraft:andesite":46,"minecraft:salmon":21,"minecraft:leather":5,"minecraft:flint":1,"minecraft:tuff":126,"minecraft:oak_log":274,"minecraft:lily_pad":1,"minecraft:lapis_lazuli":6,"minecraft:dirt":9,"minecraft:apple":4,"minecraft:raw_gold":3,"minecraft:iron_ingot":53,"minecraft:stone_pickaxe":2,"minecraft:diamond_helmet":1,"minecraft:oak_planks":2,"minecraft:smooth_basalt":2,"minecraft:gravel":40,"minecraft:sand":2,"minecraft:blast_furnace":1,"minecraft:white_bed":1,"minecraft:slime_ball":4,"minecraft:diamond":338,"minecraft:stone_axe":1,"minecraft:granite":18,"minecraft:oak_sapling":6,"minecraft:coal":235},"minecraft:killed":{"minecraft:spider":1,"minecraft:horse":1,"minecraft:chicken":2,"minecraft:pig":8,"minecraft:salmon":23,"minecraft:creeper":2,"minecraft:sheep":2,"minecraft:zombie":6,"minecraft:cow":6}},"DataVersion":3953}