{"stats":{"minecraft:broken":{"minecraft:stone_pickaxe":2,"minecraft:diamond_pickaxe":1,"minecraft:iron_pickaxe":3},"minecraft:mined":{"minecraft:white_bed":11,"minecraft:granite":37,"minecraft:grass_block":135,"minecraft:tall_seagrass":6,"minecraft:magma_block":1,"minecraft:iron_ore":46,"minecraft:cobbled_deepslate":42,"minecraft:barrel":26,"minecraft:azure_bluet":1,"minecraft:pointed_dripstone":4,"minecraft:dirt_path":4,"minecraft:pink_tulip":30,"minecraft:tripwire":6,"minecraft:torch":37,"minecraft:calcite":5,"minecraft:chest":1,"minecraft:nether_quartz_ore":2,"minecraft:cobblestone":8,"minecraft:sugar_cane":3,"minecraft:oak_planks":12,"minecraft:wall_torch":23,"minecraft:amethyst_block":1,"minecraft:seagrass":4,"minecraft:powered_rail":6,"minecraft:birch_log":7,"minecraft:oak_log":294,"minecraft:sand":12,"minecraft:dirt":198,"minecraft:smooth_basalt":5,"minecraft:netherrack":123,"minecraft:oak_leaves":88,"minecraft:deepslate":2022,"minecraft:diamond_ore":6,"minecraft:tuff":175,"minecraft:deepslate_diamond_ore":281,"minecraft:furnace":2,"minecraft:andesite":51,"minecraft:bookshelf":10,"minecraft:potatoes":106,"minecraft:deepslate_iron_ore":63,"minecraft:rail":208,"minecraft:stone":1329,"minecraft:white_tulip":2,"minecraft:glass_pane":2,"minecraft:dandelion":4,"minecraft:crafting_table":10,"minecraft:cornflower":1,"minecraft:short_grass":76,"minecraft:emerald_ore":2,"minecraft:warped_roots":1,"minecraft:rose_bush":1,"minecraft:lectern":573,"minecraft:tall_grass":3,"minecraft:copper_ore":2,"minecraft:deepslate_coal_ore":1,"minecraft:lapis_ore":2,"minecraft:deepslate_gold_ore":3,"minecraft:diorite":21,"minecraft:warped_wart_block":2,"minecraft:cobblestone_wall":36,"minecraft:redstone_torch":4,"minecraft:birch_leaves":11,"minecraft:coal_ore":189,"minecraft:gravel":70,"minecraft:dripstone_block":1},"minecraft:killed_by":{"minecraft:player":1},"minecraft:used":{"minecraft:dispenser":1,"minecraft:diamond_hoe":274,"minecraft:chest":41,"minecraft:rotten_flesh":4,"minecraft:carrot":90,"minecraft:tuff":1,"minecraft:snowball":9,"minecraft:glass":7,"minecraft:villager_spawn_egg":2,"minecraft:grass_block":828,"minecraft:iron_helmet":1,"minecraft:furnace":4,"minecraft:potato":282,"minecraft:diorite":2,"minecraft:powered_rail":21,"minecraft:stone_pickaxe":262,"minecraft:oak_planks":11,"minecraft:composter":2,"minecraft:diamond_axe":989,"minecraft:sugar_cane":4,"minecraft:white_wool":1,"minecraft:sand":11,"minecraft:shears":40,"minecraft:redstone_torch":7,"minecraft:lever":1,"minecraft:bread":4,"minecraft:string":90,"minecraft:lectern":582,"minecraft:diamond_sword":336,"minecraft:oak_boat":23,"minecraft:oak_trapdoor":18,"minecraft:stone_sword":53,"minecraft:cooked_salmon":2,"minecraft:netherrack":96,"minecraft:torch":397,"minecraft:dirt":956,"minecraft:anvil":1,"minecraft:hopper":16,"minecraft:cobblestone_wall":462,"minecraft:diamond_helmet":1,"minecraft:granite":2,"minecraft:bookshelf":10,"minecraft:cherry_slab":6,"minecraft:barrel":35,"minecraft:diamond_chestplate":1,"minecraft:tripwire_hook":2,"minecraft:cooked_beef":36,"minecraft:cobbled_deepslate":396,"minecraft:cooked_mutton":2,"minecraft:water_bucket":9,"minecraft:baked_potato":21,"minecraft:cobblestone_slab":162,"minecraft:salmon":1,"minecraft:rail":259,"minecraft:oak_slab":6,"minecraft:crafting_table":16,"minecraft:white_bed":17,"minecraft:diamond_pickaxe":3527,"minecraft:diamond_shovel":213,"minecraft:oak_button":1,"minecraft:iron_pickaxe":1001,"minecraft:stone_axe":105,"minecraft:cobblestone":115,"minecraft:cooked_porkchop":11,"minecraft:bucket":9,"minecraft:glass_pane":110,"minecraft:splash_potion":20},"minecraft:custom":{"minecraft:animals_bred":1,"minecraft:interact_with_crafting_table":72,"minecraft:open_barrel":55,"minecraft:bell_ring":12,"minecraft:leave_game":36,"minecraft:time_since_death":1149288,"minecraft:sprint_one_cm":1293281,"minecraft:drop":412,"minecraft:talked_to_villager":875,"minecraft:play_time":1330373,"minecraft:deaths":4,"minecraft:jump":10140,"minecraft:walk_on_water_one_cm":83716,"minecraft:interact_with_furnace":25,"minecraft:traded_with_villager":1685,"minecraft:sleep_in_bed":52,"minecraft:damage_dealt":16487,"minecraft:crouch_one_cm":258159,"minecraft:interact_with_smoker":25,"minecraft:inspect_dispenser":21,"minecraft:horse_one_cm":430,"minecraft:interact_with_anvil":1,"minecraft:mob_kills":162,"minecraft:inspect_hopper":9,"minecraft:climb_one_cm":186,"minecraft:walk_one_cm":2186044,"minecraft:sneak_time":74213,"minecraft:walk_under_water_one_cm":181195,"minecraft:boat_one_cm":537515,"minecraft:interact_with_blast_furnace":11,"minecraft:total_world_time":1330373,"minecraft:time_since_rest":19699,"minecraft:damage_taken":3698,"minecraft:swim_one_cm":191703,"minecraft:fly_one_cm":1983316,"minecraft:open_chest":358,"minecraft:fall_one_cm":185479},"minecraft:dropped":{"minecraft:diamond_axe":2,"minecraft:oak_log":192,"minecraft:baked_potato":11,"minecraft:diamond":48,"minecraft:crafting_table":2,"minecraft:rail":16,"minecraft:flint":1,"minecraft:dirt":7,"minecraft:cornflower":3,"minecraft:sand":2,"minecraft:iron_pickaxe":4,"minecraft:gravel":40,"minecraft:white_tulip":3,"minecraft:stone_axe":2,"minecraft:pink_bed":2,"minecraft:cobbled_deepslate":260,"minecraft:birch_sapling":2,"minecraft:pointed_dripstone":49,"minecraft:rotten_flesh":3,"minecraft:salmon":1,"minecraft:gunpowder":1,"minecraft:arrow":6,"minecraft:quartz":8,"minecraft:lectern":5,"minecraft:egg":3,"minecraft:enchanted_book":1,"minecraft:wheat_seeds":2,"minecraft:poisonous_potato":2,"minecraft:iron_helmet":2,"minecraft:cobblestone":47,"minecraft:book":3,"minecraft:apple":1,"minecraft:amethyst_block":1,"minecraft:granite":2,"minecraft:coal":54,"minecraft:stick":2,"minecraft:diorite":13,"minecraft:rose_bush":1,"minecraft:diamond_helmet":1,"minecraft:string":3018,"minecraft:lily_pad":1,"minecraft:pink_tulip":27,"minecraft:furnace":1,"minecraft:stone_sword":1,"minecraft:raw_copper":12,"minecraft:tuff":125,"minecraft:raw_iron":18,"minecraft:composter":128,"minecraft:potato":1,"minecraft:iron_chestplate":1,"minecraft:andesite":9,"minecraft:oak_sapling":6,"minecraft:redstone_torch":1,"minecraft:barrel":31,"minecraft:diamond_boots":1,"minecraft:slime_ball":4,"minecraft:stone_pickaxe":1,"minecraft:calcite":1},"minecraft:crafted":{"minecraft:oak_planks":524,"minecraft:cobblestone_slab":2184,"minecraft:cherry_slab":36,"minecraft:lever":1,"minecraft:diamond_shovel":2,"minecraft:bookshelf":24,"minecraft:cooked_mutton":23,"minecraft:hopper":4,"minecraft:diamond_helmet":1,"minecraft:iron_boots":1,"minecraft:diamond_leggings":1,"minecraft:chest":39,"minecraft:oak_button":1,"minecraft:rail":80,"minecraft:oak_slab":48,"minecraft:emerald":1637,"minecraft:cooked_porkchop":16,"minecraft:diamond_axe":2,"minecraft:crafting_table":6,"minecraft:baked_potato":80,"minecraft:iron_helmet":2,"minecraft:birch_planks":20,"minecraft:lectern":14,"minecraft:iron_chestplate":1,"minecraft:diamond_pickaxe":4,"minecraft:stick":108,"minecraft:iron_ingot":95,"minecraft:iron_pickaxe":2,"minecraft:iron_block":3,"minecraft:stone_sword":1,"minecraft:gold_ingot":50,"minecraft:light_gray_dye":1,"minecraft:redstone_torch":4,"minecraft:composter":2,"minecraft:shears":1,"minecraft:cherry_planks":72,"minecraft:cobbled_deepslate_slab":942,"minecraft:tripwire_hook":2,"minecraft:diamond_hoe":1,"minecraft:furnace":2,"minecraft:oak_trapdoor":14,"minecraft:glass_pane":160,"minecraft:stone_pickaxe":1,"minecraft:cobblestone_wall":234,"minecraft:diamond_boots":1,"minecraft:minecart":6,"minecraft:cooked_beef":27,"minecraft:diamond_sword":2,"minecraft:powered_rail":48,"minecraft:cooked_salmon":21,"minecraft:bucket":2,"minecraft:stone_axe":1,"minecraft:enchanted_book":25,"minecraft:air":0,"minecraft:blue_dye":1,"minecraft:oak_boat":2,"minecraft:white_wool":1,"minecraft:iron_leggings":1,"minecraft:anvil":1,"minecraft:white_bed":6,"minecraft:diorite_slab":12,"minecraft:torch":180,"minecraft:diamond_chestplate":1},"minecraft:picked_up":{"minecraft:enchanted_book":18,"minecraft:amethyst_block":1,"minecraft:string":3082,"minecraft:raw_copper":12,"minecraft:diamond_leggings":1,"minecraft:gold_nugget":3,"minecraft:cobbled_deepslate":1456,"minecraft:white_tulip":3,"minecraft:redstone_torch":4,"minecraft:rose_bush":1,"minecraft:calcite":1,"minecraft:iron_pickaxe":6,"minecraft:furnace":4,"minecraft:stick":4,"minecraft:composter":64,"minecraft:torch":57,"minecraft:porkchop":17,"minecraft:pointed_dripstone":49,"minecraft:diorite":21,"minecraft:rotten_flesh":22,"minecraft:obsidian":13,"minecraft:snowball":127,"minecraft:cobblestone":1470,"minecraft:birch_log":5,"minecraft:cooked_beef":3,"minecraft:andesite":46,"minecraft:potato":353,"minecraft:flint":1,"minecraft:tuff":126,"minecraft:dirt":315,"minecraft:lapis_lazuli":6,"minecraft:bone":5,"minecraft:wheat_seeds":7,"minecraft:raw_gold":3,"minecraft:diamond_helmet":2,"minecraft:powered_rail":5,"minecraft:oak_planks":77,"minecraft:warped_wart_block":2,"minecraft:poisonous_potato":2,"minecraft:sand":14,"minecraft:barrel":26,"minecraft:diamond":344,"minecraft:granite":23,"minecraft:emerald":912,"minecraft:oak_sapling":6,"minecraft:netherrack":231,"minecraft:crafting_table":12,"minecraft:azure_bluet":1,"minecraft:chicken":16,"minecraft:gold_block":2,"minecraft:cornflower":3,"minecraft:beef":24,"minecraft:oak_boat":15,"minecraft:minecart":11,"minecraft:lectern":575,"minecraft:sugar_cane":4,"minecraft:chest":9,"minecraft:birch_sapling":2,"minecraft:egg":3,"minecraft:raw_iron":133,"minecraft:arrow":9,"minecraft:diamond_chestplate":1,"minecraft:diamond_boots":2,"minecraft:pink_tulip":27,"minecraft:mutton":23,"minecraft:rail":209,"minecraft:white_wool":20,"minecraft:oxeye_daisy":1,"minecraft:clock":1,"minecraft:salmon":42,"minecraft:leather":12,"minecraft:oak_log":318,"minecraft:lily_pad":1,"minecraft:cobblestone_wall":36,"minecraft:gunpowder":5,"minecraft:apple":4,"minecraft:iron_ingot":53,"minecraft:stone_pickaxe":2,"minecraft:book":34,"minecraft:pink_bed":2,"minecraft:smooth_basalt":2,"minecraft:quartz":8,"minecraft:dandelion":4,"minecraft:gravel":40,"minecraft:blast_furnace":1,"minecraft:white_bed":11,"minecraft:slime_ball":4,"minecraft:stone_axe":1,"minecraft:diamond_axe":2,"minecraft:baked_potato":1,"minecraft:coal":286,"minecraft:ender_pearl":1},"minecraft:killed":{"minecraft:zombified_piglin":6,"minecraft:spider":3,"minecraft:skeleton":9,"minecraft:chicken":17,"minecraft:magma_cube":3,"minecraft:pig":9,"minecraft:salmon":48,"minecraft:creeper":8,"minecraft:sheep":18,"minecraft:zombie":13,"minecraft:cow":12,"minecraft:horse":1,"minecraft:drowned":3,"minecraft:villager":9,"minecraft:enderman":1}},"DataVersion":3953}