{"stats":{"minecraft:broken":{"minecraft:stone_pickaxe":2,"minecraft:diamond_pickaxe":1,"minecraft:flint_and_steel":1,"minecraft:iron_pickaxe":3},"minecraft:mined":{"minecraft:white_bed":18,"minecraft:cave_vines_plant":1,"minecraft:granite":105,"minecraft:grass_block":690,"minecraft:chiseled_tuff_bricks":4,"minecraft:hopper":1,"minecraft:tuff_bricks":80,"minecraft:tall_seagrass":6,"minecraft:magma_block":1,"minecraft:glowstone":2,"minecraft:cobbled_deepslate":44,"minecraft:iron_ore":66,"minecraft:fire":4,"minecraft:barrel":28,"minecraft:polished_tuff":2,"minecraft:deepslate_lapis_ore":2,"minecraft:azure_bluet":1,"minecraft:pointed_dripstone":8,"minecraft:cave_vines":6,"minecraft:dirt_path":4,"minecraft:pink_tulip":30,"minecraft:tripwire":6,"minecraft:deepslate_redstone_ore":13,"minecraft:crimson_nylium":4,"minecraft:kelp_plant":3,"minecraft:smoker":1,"minecraft:powder_snow":51,"minecraft:clay":21,"minecraft:torch":56,"minecraft:calcite":5,"minecraft:chest":3,"minecraft:nether_quartz_ore":2,"minecraft:cobblestone":92,"minecraft:sugar_cane":3,"minecraft:oak_planks":21,"minecraft:iron_door":8,"minecraft:wall_torch":25,"minecraft:amethyst_block":1,"minecraft:seagrass":5,"minecraft:powered_rail":10,"minecraft:birch_log":13,"minecraft:waxed_copper_block":4,"minecraft:oak_log":331,"minecraft:waxed_oxidized_copper":5,"minecraft:sand":12,"minecraft:dirt":1064,"minecraft:smooth_basalt":19,"minecraft:netherrack":334,"minecraft:oak_leaves":199,"minecraft:deepslate":2576,"minecraft:nether_gold_ore":12,"minecraft:diamond_ore":6,"minecraft:tuff":255,"minecraft:deepslate_diamond_ore":293,"minecraft:nether_bricks":34,"minecraft:cobbled_deepslate_slab":84,"minecraft:decorated_pot":26,"minecraft:crimson_roots":2,"minecraft:moss_block":7,"minecraft:diorite_slab":9,"minecraft:waxed_oxidized_cut_copper":7,"minecraft:furnace":3,"minecraft:waxed_copper_grate":2,"minecraft:andesite":94,"minecraft:nether_brick_fence":2,"minecraft:bookshelf":22,"minecraft:potatoes":106,"minecraft:deepslate_iron_ore":102,"minecraft:cobblestone_slab":89,"minecraft:rail":279,"minecraft:stone":2073,"minecraft:white_tulip":2,"minecraft:scaffolding":104,"minecraft:glass_pane":2,"minecraft:infested_stone_bricks":3,"minecraft:observer":10,"minecraft:dandelion":5,"minecraft:crafting_table":11,"minecraft:cornflower":1,"minecraft:short_grass":89,"minecraft:emerald_ore":6,"minecraft:dropper":10,"minecraft:warped_roots":1,"minecraft:rose_bush":1,"minecraft:lectern":766,"minecraft:tall_grass":9,"minecraft:copper_ore":14,"minecraft:deepslate_coal_ore":1,"minecraft:lapis_ore":4,"minecraft:deepslate_gold_ore":10,"minecraft:diorite":123,"minecraft:warped_wart_block":2,"minecraft:cobblestone_wall":126,"minecraft:redstone_torch":6,"minecraft:birch_leaves":57,"minecraft:coal_ore":226,"minecraft:gravel":79,"minecraft:dripstone_block":6,"minecraft:cobweb":14,"minecraft:cracked_stone_bricks":2,"minecraft:stone_bricks":6,"minecraft:mossy_stone_bricks":5},"minecraft:killed_by":{"minecraft:player":1},"minecraft:custom":{"minecraft:animals_bred":1,"minecraft:interact_with_crafting_table":107,"minecraft:open_barrel":136,"minecraft:bell_ring":130,"minecraft:eat_cake_slice":6,"minecraft:leave_game":52,"minecraft:time_since_death":2023684,"minecraft:sprint_one_cm":2680945,"minecraft:damage_blocked_by_shield":285,"minecraft:drop":481,"minecraft:talked_to_villager":1437,"minecraft:play_time":2204769,"minecraft:deaths":4,"minecraft:jump":21137,"minecraft:walk_on_water_one_cm":173389,"minecraft:interact_with_furnace":29,"minecraft:traded_with_villager":4057,"minecraft:sleep_in_bed":90,"minecraft:damage_dealt":46401,"minecraft:crouch_one_cm":821608,"minecraft:interact_with_smoker":43,"minecraft:inspect_dispenser":50,"minecraft:horse_one_cm":430,"minecraft:inspect_dropper":44,"minecraft:interact_with_anvil":28,"minecraft:mob_kills":326,"minecraft:inspect_hopper":27,"minecraft:climb_one_cm":335898,"minecraft:walk_one_cm":3803397,"minecraft:sneak_time":196045,"minecraft:walk_under_water_one_cm":273396,"minecraft:boat_one_cm":1067766,"minecraft:interact_with_blast_furnace":21,"minecraft:total_world_time":2204769,"minecraft:time_since_rest":47891,"minecraft:damage_taken":7982,"minecraft:swim_one_cm":305043,"minecraft:fly_one_cm":3961650,"minecraft:open_chest":961,"minecraft:fall_one_cm":418593},"minecraft:used":{"minecraft:tuff_bricks":29,"minecraft:dispenser":11,"minecraft:diamond_hoe":274,"minecraft:chest":59,"minecraft:shield":4,"minecraft:rotten_flesh":4,"minecraft:carrot":90,"minecraft:tuff":1,"minecraft:snowball":9,"minecraft:glass":7,"minecraft:villager_spawn_egg":2,"minecraft:grass_block":828,"minecraft:iron_helmet":1,"minecraft:repeater":22,"minecraft:scaffolding":369,"minecraft:furnace":4,"minecraft:potato":282,"minecraft:diorite":2,"minecraft:dropper":10,"minecraft:oak_planks":15,"minecraft:stone_pickaxe":262,"minecraft:powered_rail":38,"minecraft:composter":2,"minecraft:sugar_cane":4,"minecraft:diamond_axe":1391,"minecraft:white_wool":1,"minecraft:sand":11,"minecraft:shears":40,"minecraft:redstone_torch":9,"minecraft:lever":2,"minecraft:bread":4,"minecraft:string":90,"minecraft:lectern":776,"minecraft:diamond_sword":882,"minecraft:oak_boat":25,"minecraft:diorite_slab":9,"minecraft:experience_bottle":36,"minecraft:oak_trapdoor":18,"minecraft:stone_sword":53,"minecraft:flint_and_steel":59,"minecraft:redstone":3,"minecraft:cooked_salmon":2,"minecraft:trial_key":4,"minecraft:netherrack":235,"minecraft:torch":1262,"minecraft:dirt":5238,"minecraft:anvil":3,"minecraft:hopper":66,"minecraft:cobblestone_wall":623,"minecraft:diamond_helmet":2,"minecraft:granite":8,"minecraft:bookshelf":22,"minecraft:cherry_slab":6,"minecraft:barrel":42,"minecraft:bamboo":10,"minecraft:diamond_chestplate":1,"minecraft:tripwire_hook":2,"minecraft:cooked_beef":41,"minecraft:cobbled_deepslate":440,"minecraft:observer":21,"minecraft:powder_snow_bucket":1,"minecraft:cooked_mutton":2,"minecraft:water_bucket":119,"minecraft:baked_potato":166,"minecraft:waxed_oxidized_cut_copper":5,"minecraft:cobblestone_slab":1446,"minecraft:salmon":1,"minecraft:rail":328,"minecraft:comparator":1,"minecraft:oak_slab":6,"minecraft:crafting_table":19,"minecraft:white_bed":23,"minecraft:cake":1,"minecraft:smoker":2,"minecraft:ender_eye":12,"minecraft:diamond_pickaxe":6212,"minecraft:diamond_shovel":1619,"minecraft:oak_button":113,"minecraft:iron_pickaxe":1001,"minecraft:stone_axe":105,"minecraft:cobblestone":932,"minecraft:potion":1,"minecraft:cobbled_deepslate_slab":1410,"minecraft:cooked_porkchop":11,"minecraft:bucket":143,"minecraft:glass_pane":110,"minecraft:splash_potion":20},"minecraft:crafted":{"minecraft:oak_planks":768,"minecraft:cobblestone_slab":2184,"minecraft:cherry_slab":36,"minecraft:blaze_powder":20,"minecraft:lever":1,"minecraft:diamond_shovel":2,"minecraft:bookshelf":36,"minecraft:cooked_mutton":23,"minecraft:hopper":4,"minecraft:bow":12,"minecraft:diamond_helmet":1,"minecraft:diamond_leggings":2,"minecraft:iron_boots":1,"minecraft:chest":39,"minecraft:oak_button":185,"minecraft:rail":80,"minecraft:ender_eye":19,"minecraft:golden_boots":2,"minecraft:smoker":3,"minecraft:oak_slab":48,"minecraft:emerald":3905,"minecraft:cooked_porkchop":16,"minecraft:diamond_axe":2,"minecraft:crafting_table":8,"minecraft:iron_helmet":2,"minecraft:baked_potato":280,"minecraft:birch_planks":20,"minecraft:dispenser":11,"minecraft:lectern":14,"minecraft:iron_chestplate":1,"minecraft:diamond_pickaxe":5,"minecraft:stick":232,"minecraft:iron_ingot":224,"minecraft:iron_pickaxe":2,"minecraft:iron_block":8,"minecraft:stone_sword":1,"minecraft:gold_ingot":61,"minecraft:light_gray_dye":1,"minecraft:redstone_torch":4,"minecraft:composter":2,"minecraft:shears":1,"minecraft:cherry_planks":128,"minecraft:cobbled_deepslate_slab":942,"minecraft:redstone":20,"minecraft:tripwire_hook":2,"minecraft:diamond_hoe":1,"minecraft:experience_bottle":36,"minecraft:furnace":3,"minecraft:oak_trapdoor":14,"minecraft:glass_pane":160,"minecraft:ender_pearl":19,"minecraft:stone_pickaxe":1,"minecraft:cobblestone_wall":426,"minecraft:diamond_boots":1,"minecraft:minecart":11,"minecraft:cooked_beef":27,"minecraft:coal_block":6,"minecraft:diamond_sword":3,"minecraft:powered_rail":48,"minecraft:cooked_salmon":21,"minecraft:bucket":6,"minecraft:stone_axe":1,"minecraft:glowstone":8,"minecraft:enchanted_book":49,"minecraft:air":0,"minecraft:blue_dye":1,"minecraft:oak_boat":3,"minecraft:white_wool":1,"minecraft:golden_apple":2,"minecraft:iron_leggings":1,"minecraft:anvil":3,"minecraft:white_bed":6,"minecraft:diorite_slab":12,"minecraft:torch":468,"minecraft:lapis_lazuli":13,"minecraft:diamond_chestplate":1},"minecraft:dropped":{"minecraft:guster_pottery_sherd":3,"minecraft:diamond_axe":3,"minecraft:oak_log":254,"minecraft:baked_potato":11,"minecraft:diamond":146,"minecraft:crafting_table":2,"minecraft:rail":16,"minecraft:flint":1,"minecraft:dirt":7,"minecraft:cornflower":3,"minecraft:sand":2,"minecraft:iron_pickaxe":4,"minecraft:birch_log":1,"minecraft:bone":1,"minecraft:gravel":40,"minecraft:white_tulip":3,"minecraft:stone_axe":2,"minecraft:pink_bed":2,"minecraft:cobbled_deepslate":260,"minecraft:birch_sapling":2,"minecraft:pointed_dripstone":54,"minecraft:rotten_flesh":5,"minecraft:salmon":1,"minecraft:gunpowder":1,"minecraft:arrow":11,"minecraft:quartz":8,"minecraft:lectern":5,"minecraft:egg":3,"minecraft:water_bucket":1,"minecraft:golden_boots":1,"minecraft:enchanted_book":1,"minecraft:wheat_seeds":5,"minecraft:diamond_leggings":1,"minecraft:poisonous_potato":2,"minecraft:cobblestone":50,"minecraft:iron_helmet":2,"minecraft:feather":2,"minecraft:book":3,"minecraft:amethyst_block":1,"minecraft:apple":1,"minecraft:granite":2,"minecraft:copper_ingot":1,"minecraft:golden_apple":1,"minecraft:coal":54,"minecraft:stick":8,"minecraft:diorite":13,"minecraft:rose_bush":1,"minecraft:rib_armor_trim_smithing_template":1,"minecraft:waxed_oxidized_copper":1,"minecraft:diamond_helmet":2,"minecraft:string":3082,"minecraft:lily_pad":1,"minecraft:bucket":1,"minecraft:dandelion":1,"minecraft:pink_tulip":27,"minecraft:furnace":1,"minecraft:tuff_bricks":4,"minecraft:stone_sword":1,"minecraft:cobblestone_wall":1,"minecraft:raw_copper":12,"minecraft:tuff":127,"minecraft:composter":128,"minecraft:raw_iron":183,"minecraft:chicken":1,"minecraft:cherry_slab":2,"minecraft:ender_eye":19,"minecraft:diamond_sword":1,"minecraft:potato":1,"minecraft:oak_button":77,"minecraft:diamond_chestplate":1,"minecraft:iron_chestplate":1,"minecraft:andesite":9,"minecraft:oak_sapling":7,"minecraft:redstone_torch":1,"minecraft:spider_eye":7,"minecraft:barrel":31,"minecraft:diamond_boots":2,"minecraft:slime_ball":4,"minecraft:stone_pickaxe":1,"minecraft:raw_gold":27,"minecraft:calcite":1},"minecraft:picked_up":{"minecraft:nether_brick_fence":2,"minecraft:diamond_sword":3,"minecraft:potion":1,"minecraft:enchanted_book":23,"minecraft:amethyst_block":1,"minecraft:string":3248,"minecraft:raw_copper":114,"minecraft:oak_sign":3,"minecraft:diamond_leggings":2,"minecraft:gold_nugget":107,"minecraft:cobbled_deepslate":1976,"minecraft:eye_armor_trim_smithing_template":1,"minecraft:white_tulip":3,"minecraft:trial_key":5,"minecraft:ender_eye":26,"minecraft:rose_bush":1,"minecraft:redstone_torch":6,"minecraft:cobblestone_slab":80,"minecraft:calcite":1,"minecraft:iron_pickaxe":6,"minecraft:furnace":5,"minecraft:tipped_arrow":8,"minecraft:stick":13,"minecraft:composter":64,"minecraft:torch":237,"minecraft:porkchop":17,"minecraft:pointed_dripstone":60,"minecraft:diorite":110,"minecraft:rotten_flesh":95,"minecraft:blaze_rod":10,"minecraft:obsidian":13,"minecraft:snowball":127,"minecraft:cobblestone":2114,"minecraft:birch_log":6,"minecraft:pink_petals":9,"minecraft:feather":2,"minecraft:cooked_beef":67,"minecraft:cherry_planks":13,"minecraft:water_bucket":11,"minecraft:andesite":85,"minecraft:smoker":1,"minecraft:potato":388,"minecraft:flint":8,"minecraft:tuff":190,"minecraft:lapis_lazuli":26,"minecraft:dirt":1961,"minecraft:bone":83,"minecraft:wheat_seeds":17,"minecraft:raw_gold":67,"minecraft:cobbled_deepslate_slab":88,"minecraft:bell":1,"minecraft:diamond_helmet":4,"minecraft:glowstone_dust":8,"minecraft:powered_rail":16,"minecraft:oak_planks":82,"minecraft:warped_wart_block":4,"minecraft:dropper":8,"minecraft:poisonous_potato":2,"minecraft:sand":15,"minecraft:barrel":28,"minecraft:diamond":480,"minecraft:crossbow":1,"minecraft:granite":85,"minecraft:breeze_rod":4,"minecraft:golden_apple":1,"minecraft:crimson_roots":2,"minecraft:emerald":960,"minecraft:bread":4,"minecraft:oak_sapling":9,"minecraft:cherry_slab":2,"minecraft:netherrack":442,"minecraft:diamond_pickaxe":1,"minecraft:waxed_oxidized_cut_copper":5,"minecraft:crafting_table":13,"minecraft:azure_bluet":1,"minecraft:chicken":17,"minecraft:diorite_slab":5,"minecraft:gold_block":2,"minecraft:brick":77,"minecraft:shield":2,"minecraft:wind_charge":27,"minecraft:cornflower":3,"minecraft:oak_trapdoor":6,"minecraft:beef":24,"minecraft:oak_boat":18,"minecraft:observer":9,"minecraft:minecart":11,"minecraft:lectern":768,"minecraft:guster_pottery_sherd":3,"minecraft:sugar_cane":4,"minecraft:chest":10,"minecraft:birch_sapling":2,"minecraft:waxed_oxidized_copper":1,"minecraft:egg":3,"minecraft:raw_iron":458,"minecraft:copper_ingot":1,"minecraft:flow_pottery_sherd":2,"minecraft:redstone":74,"minecraft:music_disc_creator_music_box":1,"minecraft:arrow":127,"minecraft:diamond_chestplate":3,"minecraft:nether_bricks":32,"minecraft:diamond_boots":4,"minecraft:hay_block":2,"minecraft:pink_tulip":27,"minecraft:tuff_bricks":79,"minecraft:glow_berries":11,"minecraft:mutton":27,"minecraft:rail":287,"minecraft:white_wool":21,"minecraft:oxeye_daisy":2,"minecraft:clock":1,"minecraft:salmon":48,"minecraft:leather":12,"minecraft:oak_log":465,"minecraft:lily_pad":1,"minecraft:golden_boots":1,"minecraft:cobblestone_wall":114,"minecraft:gunpowder":11,"minecraft:white_banner":1,"minecraft:apple":4,"minecraft:kelp":2,"minecraft:iron_ingot":113,"minecraft:stone_pickaxe":2,"minecraft:iron_sword":1,"minecraft:book":76,"minecraft:scaffolding":191,"minecraft:pink_bed":2,"minecraft:smooth_basalt":15,"minecraft:emerald_block":2,"minecraft:quartz":8,"minecraft:dandelion":5,"minecraft:dripstone_block":6,"minecraft:gravel":48,"minecraft:blast_furnace":1,"minecraft:white_bed":18,"minecraft:spider_eye":9,"minecraft:slime_ball":4,"minecraft:stone_axe":1,"minecraft:diamond_axe":4,"minecraft:oak_button":7,"minecraft:baked_potato":106,"minecraft:coal":521,"minecraft:hopper":2,"minecraft:ender_pearl":1},"minecraft:killed":{"minecraft:zombified_piglin":6,"minecraft:spider":25,"minecraft:skeleton":59,"minecraft:chicken":18,"minecraft:silverfish":2,"minecraft:magma_cube":3,"minecraft:pig":10,"minecraft:salmon":49,"minecraft:creeper":16,"minecraft:sheep":19,"minecraft:pillager":6,"minecraft:zombie":41,"minecraft:stray":1,"minecraft:blaze":5,"minecraft:cow":13,"minecraft:horse":1,"minecraft:drowned":23,"minecraft:breeze":4,"minecraft:wither_skeleton":6,"minecraft:villager":9,"minecraft:enderman":1}},"DataVersion":3953}