{"stats":{"minecraft:used":{"minecraft:oak_trapdoor":18,"minecraft:stone_sword":53,"minecraft:dispenser":1,"minecraft:diamond_hoe":274,"minecraft:chest":33,"minecraft:cooked_salmon":2,"minecraft:rotten_flesh":1,"minecraft:torch":282,"minecraft:dirt":753,"minecraft:hopper":12,"minecraft:diamond_helmet":1,"minecraft:cobblestone_wall":106,"minecraft:carrot":90,"minecraft:snowball":9,"minecraft:tuff":1,"minecraft:granite":2,"minecraft:glass":7,"minecraft:villager_spawn_egg":2,"minecraft:iron_helmet":1,"minecraft:barrel":21,"minecraft:tripwire_hook":2,"minecraft:diamond_chestplate":1,"minecraft:furnace":4,"minecraft:potato":237,"minecraft:cooked_beef":30,"minecraft:cobbled_deepslate":396,"minecraft:cooked_mutton":2,"minecraft:water_bucket":9,"minecraft:diorite":2,"minecraft:sugar_cane":4,"minecraft:stone_pickaxe":262,"minecraft:diamond_axe":336,"minecraft:composter":2,"minecraft:powered_rail":5,"minecraft:cobblestone_slab":162,"minecraft:sand":11,"minecraft:rail":96,"minecraft:crafting_table":15,"minecraft:white_bed":17,"minecraft:shears":6,"minecraft:redstone_torch":3,"minecraft:lever":1,"minecraft:diamond_pickaxe":3225,"minecraft:diamond_shovel":152,"minecraft:iron_pickaxe":1001,"minecraft:string":12,"minecraft:bread":4,"minecraft:oak_button":1,"minecraft:stone_axe":105,"minecraft:diamond_sword":241,"minecraft:cobblestone":114,"minecraft:cooked_porkchop":11,"minecraft:bucket":9,"minecraft:glass_pane":110,"minecraft:oak_boat":23},"minecraft:picked_up":{"minecraft:crafting_table":11,"minecraft:azure_bluet":1,"minecraft:chicken":16,"minecraft:gold_block":2,"minecraft:amethyst_block":1,"minecraft:cornflower":3,"minecraft:string":653,"minecraft:raw_copper":12,"minecraft:diamond_leggings":1,"minecraft:cobbled_deepslate":1456,"minecraft:beef":24,"minecraft:white_tulip":3,"minecraft:oak_boat":15,"minecraft:rose_bush":1,"minecraft:redstone_torch":1,"minecraft:calcite":1,"minecraft:iron_pickaxe":6,"minecraft:minecart":3,"minecraft:sugar_cane":4,"minecraft:chest":9,"minecraft:birch_sapling":2,"minecraft:furnace":4,"minecraft:egg":3,"minecraft:stick":3,"minecraft:raw_iron":133,"minecraft:composter":64,"minecraft:torch":40,"minecraft:porkchop":17,"minecraft:pointed_dripstone":49,"minecraft:diorite":21,"minecraft:arrow":9,"minecraft:rotten_flesh":10,"minecraft:diamond_chestplate":1,"minecraft:diamond_boots":1,"minecraft:pink_tulip":27,"minecraft:obsidian":13,"minecraft:mutton":23,"minecraft:snowball":127,"minecraft:rail":54,"minecraft:white_wool":20,"minecraft:cobblestone":1469,"minecraft:oxeye_daisy":1,"minecraft:birch_log":5,"minecraft:clock":1,"minecraft:cooked_beef":3,"minecraft:andesite":46,"minecraft:salmon":33,"minecraft:leather":12,"minecraft:potato":276,"minecraft:flint":1,"minecraft:tuff":126,"minecraft:oak_log":318,"minecraft:lily_pad":1,"minecraft:cobblestone_wall":3,"minecraft:gunpowder":5,"minecraft:lapis_lazuli":6,"minecraft:dirt":216,"minecraft:bone":5,"minecraft:apple":4,"minecraft:wheat_seeds":6,"minecraft:raw_gold":3,"minecraft:iron_ingot":53,"minecraft:stone_pickaxe":2,"minecraft:diamond_helmet":1,"minecraft:oak_planks":2,"minecraft:pink_bed":2,"minecraft:smooth_basalt":2,"minecraft:dandelion":4,"minecraft:poisonous_potato":2,"minecraft:gravel":40,"minecraft:sand":14,"minecraft:blast_furnace":1,"minecraft:white_bed":11,"minecraft:barrel":11,"minecraft:slime_ball":4,"minecraft:diamond":344,"minecraft:stone_axe":1,"minecraft:granite":23,"minecraft:emerald":2,"minecraft:oak_sapling":6,"minecraft:coal":286,"minecraft:ender_pearl":1},"minecraft:mined":{"minecraft:diamond_ore":6,"minecraft:tuff":175,"minecraft:white_bed":11,"minecraft:deepslate_diamond_ore":281,"minecraft:granite":37,"minecraft:grass_block":97,"minecraft:tall_seagrass":4,"minecraft:magma_block":1,"minecraft:furnace":2,"minecraft:iron_ore":46,"minecraft:barrel":11,"minecraft:cobbled_deepslate":42,"minecraft:andesite":51,"minecraft:azure_bluet":1,"minecraft:potatoes":79,"minecraft:pointed_dripstone":4,"minecraft:dirt_path":4,"minecraft:deepslate_iron_ore":63,"minecraft:rail":57,"minecraft:pink_tulip":30,"minecraft:white_tulip":2,"minecraft:stone":1328,"minecraft:glass_pane":2,"minecraft:dandelion":4,"minecraft:cornflower":1,"minecraft:crafting_table":9,"minecraft:torch":18,"minecraft:short_grass":72,"minecraft:emerald_ore":2,"minecraft:calcite":5,"minecraft:chest":1,"minecraft:rose_bush":1,"minecraft:copper_ore":2,"minecraft:tall_grass":3,"minecraft:cobblestone":8,"minecraft:deepslate_coal_ore":1,"minecraft:deepslate_gold_ore":3,"minecraft:lapis_ore":2,"minecraft:sugar_cane":3,"minecraft:diorite":21,"minecraft:wall_torch":23,"minecraft:amethyst_block":1,"minecraft:seagrass":4,"minecraft:cobblestone_wall":3,"minecraft:birch_log":7,"minecraft:redstone_torch":1,"minecraft:birch_leaves":11,"minecraft:coal_ore":189,"minecraft:oak_log":294,"minecraft:gravel":70,"minecraft:sand":12,"minecraft:dripstone_block":1,"minecraft:dirt":130,"minecraft:smooth_basalt":5,"minecraft:oak_leaves":84,"minecraft:deepslate":2022},"minecraft:crafted":{"minecraft:cherry_planks":20,"minecraft:cobbled_deepslate_slab":942,"minecraft:oak_planks":524,"minecraft:cobblestone_slab":2184,"minecraft:tripwire_hook":2,"minecraft:cherry_slab":6,"minecraft:diamond_hoe":1,"minecraft:furnace":2,"minecraft:lever":1,"minecraft:diamond_shovel":1,"minecraft:cooked_mutton":23,"minecraft:glass_pane":160,"minecraft:oak_trapdoor":14,"minecraft:diamond_helmet":1,"minecraft:diamond_leggings":1,"minecraft:iron_boots":1,"minecraft:stone_pickaxe":1,"minecraft:chest":24,"minecraft:diamond_boots":1,"minecraft:oak_button":1,"minecraft:cooked_beef":27,"minecraft:oak_slab":18,"minecraft:diamond_sword":2,"minecraft:emerald":659,"minecraft:cooked_porkchop":16,"minecraft:diamond_axe":2,"minecraft:crafting_table":6,"minecraft:iron_helmet":2,"minecraft:powered_rail":18,"minecraft:baked_potato":16,"minecraft:cooked_salmon":21,"minecraft:bucket":2,"minecraft:birch_planks":20,"minecraft:stone_axe":1,"minecraft:air":0,"minecraft:blue_dye":1,"minecraft:oak_boat":2,"minecraft:iron_chestplate":1,"minecraft:diamond_pickaxe":4,"minecraft:stick":84,"minecraft:iron_ingot":42,"minecraft:iron_pickaxe":2,"minecraft:stone_sword":1,"minecraft:iron_leggings":1,"minecraft:gold_ingot":18,"minecraft:light_gray_dye":1,"minecraft:white_bed":6,"minecraft:redstone_torch":3,"minecraft:composter":2,"minecraft:torch":180,"minecraft:diorite_slab":12,"minecraft:shears":1,"minecraft:diamond_chestplate":1},"minecraft:killed":{"minecraft:spider":3,"minecraft:skeleton":7,"minecraft:horse":1,"minecraft:chicken":17,"minecraft:drowned":3,"minecraft:pig":9,"minecraft:salmon":38,"minecraft:creeper":7,"minecraft:sheep":18,"minecraft:zombie":10,"minecraft:villager":2,"minecraft:enderman":1,"minecraft:cow":12},"minecraft:killed_by":{"minecraft:player":1},"minecraft:dropped":{"minecraft:wheat_seeds":2,"minecraft:oak_log":192,"minecraft:diamond":48,"minecraft:crafting_table":2,"minecraft:poisonous_potato":2,"minecraft:iron_helmet":2,"minecraft:cobblestone":47,"minecraft:amethyst_block":1,"minecraft:apple":1,"minecraft:granite":2,"minecraft:coal":54,"minecraft:flint":1,"minecraft:stick":2,"minecraft:dirt":7,"minecraft:diorite":13,"minecraft:cornflower":3,"minecraft:rose_bush":1,"minecraft:sand":2,"minecraft:iron_pickaxe":4,"minecraft:string":185,"minecraft:lily_pad":1,"minecraft:pink_tulip":27,"minecraft:gravel":40,"minecraft:white_tulip":3,"minecraft:furnace":1,"minecraft:stone_axe":2,"minecraft:pink_bed":2,"minecraft:stone_sword":1,"minecraft:cobbled_deepslate":260,"minecraft:raw_copper":12,"minecraft:tuff":125,"minecraft:birch_sapling":2,"minecraft:composter":128,"minecraft:raw_iron":18,"minecraft:pointed_dripstone":49,"minecraft:rotten_flesh":3,"minecraft:salmon":1,"minecraft:potato":1,"minecraft:gunpowder":1,"minecraft:iron_chestplate":1,"minecraft:andesite":9,"minecraft:oak_sapling":6,"minecraft:slime_ball":4,"minecraft:arrow":6,"minecraft:stone_pickaxe":1,"minecraft:calcite":1,"minecraft:egg":3},"minecraft:custom":{"minecraft:mob_kills":130,"minecraft:animals_bred":1,"minecraft:inspect_hopper":1,"minecraft:interact_with_crafting_table":50,"minecraft:open_barrel":5,"minecraft:bell_ring":12,"minecraft:leave_game":25,"minecraft:time_since_death":783450,"minecraft:climb_one_cm":186,"minecraft:sprint_one_cm":894849,"minecraft:walk_one_cm":1457167,"minecraft:drop":302,"minecraft:talked_to_villager":88,"minecraft:play_time":964535,"minecraft:sneak_time":57434,"minecraft:deaths":4,"minecraft:walk_under_water_one_cm":177703,"minecraft:boat_one_cm":537515,"minecraft:jump":6649,"minecraft:interact_with_blast_furnace":1,"minecraft:walk_on_water_one_cm":70517,"minecraft:total_world_time":964535,"minecraft:interact_with_furnace":22,"minecraft:traded_with_villager":659,"minecraft:sleep_in_bed":32,"minecraft:time_since_rest":4076,"minecraft:damage_taken":2986,"minecraft:damage_dealt":12171,"minecraft:swim_one_cm":163046,"minecraft:fly_one_cm":1185097,"minecraft:open_chest":179,"minecraft:crouch_one_cm":197500,"minecraft:interact_with_smoker":22,"minecraft:inspect_dispenser":6,"minecraft:fall_one_cm":126001,"minecraft:horse_one_cm":430},"minecraft:broken":{"minecraft:stone_pickaxe":2,"minecraft:diamond_pickaxe":1,"minecraft:iron_pickaxe":3}},"DataVersion":3953}