{"stats":{"minecraft:picked_up":{"minecraft:birch_log":5,"minecraft:crafting_table":3,"minecraft:leather":1,"minecraft:porkchop":8,"minecraft:oak_log":15,"minecraft:dirt":1,"minecraft:beef":6,"minecraft:stone_pickaxe":1,"minecraft:white_tulip":3,"minecraft:pink_tulip":27,"minecraft:rose_bush":1,"minecraft:birch_sapling":1,"minecraft:cobblestone":19},"minecraft:used":{"minecraft:stone_sword":18,"minecraft:stone_pickaxe":19,"minecraft:stone_axe":46,"minecraft:crafting_table":1},"minecraft:crafted":{"minecraft:oak_planks":12,"minecraft:stick":4,"minecraft:stone_sword":1,"minecraft:stone_axe":1},"minecraft:dropped":{"minecraft:white_tulip":3,"minecraft:dirt":1,"minecraft:crafting_table":2,"minecraft:rose_bush":1,"minecraft:pink_tulip":27},"minecraft:killed":{"minecraft:horse":1,"minecraft:pig":4,"minecraft:cow":2},"minecraft:custom":{"minecraft:time_since_rest":11431,"minecraft:sprint_one_cm":28555,"minecraft:damage_taken":40,"minecraft:walk_one_cm":42158,"minecraft:mob_kills":7,"minecraft:drop":34,"minecraft:damage_dealt":752,"minecraft:interact_with_crafting_table":2,"minecraft:fly_one_cm":32352,"minecraft:crouch_one_cm":1260,"minecraft:play_time":11431,"minecraft:sneak_time":379,"minecraft:boat_one_cm":6834,"minecraft:jump":229,"minecraft:walk_on_water_one_cm":49,"minecraft:time_since_death":11431,"minecraft:total_world_time":11431,"minecraft:fall_one_cm":4209,"minecraft:horse_one_cm":430},"minecraft:mined":{"minecraft:birch_log":7,"minecraft:birch_leaves":1,"minecraft:crafting_table":1,"minecraft:short_grass":2,"minecraft:grass_block":2,"minecraft:oak_log":15,"minecraft:rose_bush":1,"minecraft:pink_tulip":30,"minecraft:stone":19,"minecraft:white_tulip":2,"minecraft:oak_leaves":6}},"DataVersion":3953}