{"stats":{"minecraft:broken":{"minecraft:iron_shovel":4,"minecraft:diamond_pickaxe":1,"minecraft:stone_axe":1,"minecraft:fishing_rod":1,"minecraft:flint_and_steel":1,"minecraft:shield":1,"minecraft:iron_pickaxe":7},"minecraft:mined":{"minecraft:white_bed":1,"minecraft:oak_sapling":1,"minecraft:pink_bed":6,"minecraft:cobblestone_stairs":2,"minecraft:cherry_log":93,"minecraft:granite":31,"minecraft:budding_amethyst":6,"minecraft:grass_block":1072,"minecraft:oxeye_daisy":1,"minecraft:tuff_bricks":8,"minecraft:tall_seagrass":3,"minecraft:iron_ore":99,"minecraft:cobbled_deepslate":53,"minecraft:fire":4,"minecraft:pumpkin":6,"minecraft:azure_bluet":1,"minecraft:pointed_dripstone":12,"minecraft:red_tulip":2,"minecraft:cave_vines":1,"minecraft:water_cauldron":3,"minecraft:dirt_path":3,"minecraft:oak_stairs":14,"minecraft:pink_tulip":31,"minecraft:blue_orchid":7,"minecraft:deepslate_redstone_ore":7,"minecraft:smoker":3,"minecraft:amethyst_cluster":14,"minecraft:torch":12,"minecraft:blast_furnace":3,"minecraft:calcite":228,"minecraft:chest":1,"minecraft:cobblestone":62,"minecraft:sugar_cane":6,"minecraft:oak_planks":23,"minecraft:wall_torch":6,"minecraft:amethyst_block":70,"minecraft:pink_petals":3,"minecraft:seagrass":7,"minecraft:cherry_fence":2,"minecraft:wheat":30,"minecraft:oak_log":92,"minecraft:beetroots":1,"minecraft:sand":18,"minecraft:dirt":225,"minecraft:smooth_basalt":27,"minecraft:red_mushroom_block":4,"minecraft:oak_leaves":39,"minecraft:deepslate":2057,"minecraft:diamond_ore":3,"minecraft:tuff":432,"minecraft:mossy_cobblestone":4,"minecraft:deepslate_diamond_ore":84,"minecraft:oak_door":3,"minecraft:cherry_sapling":2,"minecraft:hay_block":32,"minecraft:waxed_oxidized_cut_copper":1,"minecraft:furnace":7,"minecraft:carrots":16,"minecraft:andesite":43,"minecraft:potatoes":5,"minecraft:deepslate_iron_ore":54,"minecraft:rail":78,"minecraft:stone":448,"minecraft:white_tulip":4,"minecraft:glass_pane":1,"minecraft:dandelion":2,"minecraft:oak_fence":1,"minecraft:crafting_table":30,"minecraft:short_grass":50,"minecraft:emerald_ore":2,"minecraft:rose_bush":1,"minecraft:tall_grass":9,"minecraft:copper_ore":12,"minecraft:lapis_ore":4,"minecraft:deepslate_gold_ore":41,"minecraft:lily_pad":26,"minecraft:cobblestone_wall":1,"minecraft:coal_ore":121,"minecraft:cherry_leaves":84,"minecraft:gravel":124,"minecraft:dripstone_block":3,"minecraft:gold_ore":1},"minecraft:custom":{"minecraft:animals_bred":1,"minecraft:interact_with_crafting_table":76,"minecraft:bell_ring":89,"minecraft:leave_game":12,"minecraft:time_since_death":492122,"minecraft:sprint_one_cm":701860,"minecraft:damage_blocked_by_shield":4405,"minecraft:drop":293,"minecraft:play_time":492122,"minecraft:jump":5372,"minecraft:walk_on_water_one_cm":77383,"minecraft:interact_with_furnace":64,"minecraft:sleep_in_bed":14,"minecraft:damage_dealt":20719,"minecraft:player_kills":1,"minecraft:crouch_one_cm":59994,"minecraft:interact_with_smoker":21,"minecraft:horse_one_cm":4136,"minecraft:mob_kills":149,"minecraft:climb_one_cm":814,"minecraft:walk_one_cm":1595631,"minecraft:sneak_time":27742,"minecraft:walk_under_water_one_cm":48062,"minecraft:boat_one_cm":253495,"minecraft:interact_with_blast_furnace":20,"minecraft:total_world_time":492122,"minecraft:time_since_rest":2085,"minecraft:damage_taken":3479,"minecraft:swim_one_cm":197556,"minecraft:fly_one_cm":586040,"minecraft:open_chest":60,"minecraft:fall_one_cm":110333},"minecraft:used":{"minecraft:cherry_sapling":55,"minecraft:iron_shovel":1034,"minecraft:chest":3,"minecraft:shield":68,"minecraft:rotten_flesh":10,"minecraft:iron_chestplate":1,"minecraft:carrot":43,"minecraft:tuff":24,"minecraft:grass_block":1,"minecraft:iron_helmet":1,"minecraft:furnace":6,"minecraft:oak_sapling":1,"minecraft:beetroot_seeds":4,"minecraft:egg":5,"minecraft:potato":11,"minecraft:diamond_boots":1,"minecraft:oak_planks":15,"minecraft:wooden_pickaxe":19,"minecraft:diamond_axe":508,"minecraft:white_wool":4,"minecraft:glow_berries":11,"minecraft:sand":15,"minecraft:blast_furnace":3,"minecraft:bread":34,"minecraft:gravel":1,"minecraft:andesite":16,"minecraft:oak_boat":4,"minecraft:bone_meal":7,"minecraft:rose_bush":1,"minecraft:flint_and_steel":73,"minecraft:oak_door":5,"minecraft:torch":346,"minecraft:dirt":64,"minecraft:white_carpet":3,"minecraft:cobblestone_wall":1,"minecraft:granite":27,"minecraft:iron_axe":82,"minecraft:oak_stairs":34,"minecraft:iron_boots":1,"minecraft:smooth_basalt":11,"minecraft:light_gray_wool":2,"minecraft:beef":1,"minecraft:cobbled_deepslate":235,"minecraft:cherry_fence":29,"minecraft:cherry_log":4,"minecraft:pointed_dripstone":5,"minecraft:calcite":25,"minecraft:cooked_mutton":4,"minecraft:cobblestone_stairs":3,"minecraft:baked_potato":10,"minecraft:mossy_cobblestone":1,"minecraft:crafting_table":31,"minecraft:smoker":4,"minecraft:oak_log":8,"minecraft:diamond_pickaxe":2171,"minecraft:diamond_shovel":264,"minecraft:iron_pickaxe":1953,"minecraft:stone_axe":104,"minecraft:pink_bed":7,"minecraft:fishing_rod":16,"minecraft:cobblestone":241,"minecraft:cooked_porkchop":16,"minecraft:porkchop":6},"minecraft:dropped":{"minecraft:cooked_beef":3,"minecraft:oak_log":24,"minecraft:baked_potato":1,"minecraft:diamond":48,"minecraft:crafting_table":4,"minecraft:leather":1,"minecraft:flint":4,"minecraft:cornflower":2,"minecraft:iron_pickaxe":4,"minecraft:white_wool":5,"minecraft:bone":1,"minecraft:oak_door":2,"minecraft:gravel":94,"minecraft:cobbled_deepslate":1271,"minecraft:oak_planks":6,"minecraft:azure_bluet":1,"minecraft:white_bed":1,"minecraft:gunpowder":4,"minecraft:arrow":6,"minecraft:iron_ingot":54,"minecraft:wheat_seeds":19,"minecraft:diamond_leggings":1,"minecraft:iron_helmet":1,"minecraft:feather":13,"minecraft:cobblestone":167,"minecraft:apple":1,"minecraft:coal":64,"minecraft:stick":3,"minecraft:oxeye_daisy":1,"minecraft:diamond_helmet":1,"minecraft:iron_leggings":1,"minecraft:iron_axe":1,"minecraft:string":7,"minecraft:smooth_basalt":1,"minecraft:redstone":36,"minecraft:furnace":1,"minecraft:raw_copper":12,"minecraft:tuff":249,"minecraft:iron_boots":1,"minecraft:diamond_chestplate":1,"minecraft:iron_chestplate":1,"minecraft:andesite":14,"minecraft:oak_boat":2,"minecraft:oak_sapling":1,"minecraft:diamond_boots":1,"minecraft:slime_ball":10,"minecraft:stone_pickaxe":2,"minecraft:calcite":3},"minecraft:crafted":{"minecraft:oak_planks":224,"minecraft:smooth_stone":3,"minecraft:pink_bed":1,"minecraft:cobblestone_stairs":4,"minecraft:stone":3,"minecraft:diamond_shovel":1,"minecraft:diamond_helmet":2,"minecraft:iron_boots":1,"minecraft:diamond_leggings":2,"minecraft:chest":2,"minecraft:cherry_fence":27,"minecraft:smoker":1,"minecraft:cooked_porkchop":5,"minecraft:diamond_axe":1,"minecraft:crafting_table":3,"minecraft:wooden_pickaxe":1,"minecraft:iron_helmet":1,"minecraft:birch_planks":8,"minecraft:iron_chestplate":1,"minecraft:diamond_pickaxe":2,"minecraft:shield":2,"minecraft:stick":122,"minecraft:iron_ingot":118,"minecraft:iron_pickaxe":11,"minecraft:shears":1,"minecraft:cherry_planks":100,"minecraft:oak_door":6,"minecraft:fishing_rod":1,"minecraft:furnace":3,"minecraft:blast_furnace":1,"minecraft:bone_meal":6,"minecraft:pink_dye":1,"minecraft:white_carpet":3,"minecraft:flint_and_steel":2,"minecraft:iron_axe":1,"minecraft:stone_pickaxe":1,"minecraft:cobblestone_wall":6,"minecraft:diamond_boots":2,"minecraft:wheat":198,"minecraft:cooked_beef":3,"minecraft:stone_axe":1,"minecraft:amethyst_block":3,"minecraft:bread":49,"minecraft:air":0,"minecraft:oak_boat":2,"minecraft:oak_stairs":20,"minecraft:iron_shovel":4,"minecraft:iron_leggings":1,"minecraft:torch":300,"minecraft:diamond_chestplate":2},"minecraft:picked_up":{"minecraft:wheat":22,"minecraft:oak_stairs":14,"minecraft:enchanted_book":1,"minecraft:amethyst_block":108,"minecraft:string":14,"minecraft:raw_copper":53,"minecraft:beetroot":1,"minecraft:cobbled_deepslate":1444,"minecraft:white_tulip":12,"minecraft:rose_bush":3,"minecraft:calcite":285,"minecraft:furnace":7,"minecraft:stick":33,"minecraft:big_dripleaf":4,"minecraft:oak_fence":1,"minecraft:torch":24,"minecraft:porkchop":31,"minecraft:cherry_log":93,"minecraft:pointed_dripstone":12,"minecraft:cauldron":3,"minecraft:rotten_flesh":30,"minecraft:red_tulip":2,"minecraft:cobblestone":506,"minecraft:birch_log":2,"minecraft:pink_petals":10,"minecraft:leather_chestplate":1,"minecraft:feather":13,"minecraft:andesite":30,"minecraft:smoker":4,"minecraft:potato":11,"minecraft:flint":14,"minecraft:tuff":273,"minecraft:cherry_fence":2,"minecraft:lapis_lazuli":59,"minecraft:dirt":1284,"minecraft:name_tag":1,"minecraft:bone":26,"minecraft:wheat_seeds":87,"minecraft:raw_gold":62,"minecraft:oak_planks":94,"minecraft:cooked_porkchop":11,"minecraft:sand":15,"minecraft:grass_block":1,"minecraft:mossy_cobblestone":4,"minecraft:diamond":155,"minecraft:granite":27,"minecraft:bone_meal":1,"minecraft:emerald":4,"minecraft:oak_sapling":10,"minecraft:crafting_table":34,"minecraft:azure_bluet":3,"minecraft:chicken":13,"minecraft:cornflower":2,"minecraft:iron_shovel":1,"minecraft:blue_orchid":14,"minecraft:beef":7,"minecraft:oak_boat":5,"minecraft:poppy":1,"minecraft:light_gray_wool":2,"minecraft:sugar_cane":14,"minecraft:chest":1,"minecraft:egg":7,"minecraft:raw_iron":318,"minecraft:oak_door":3,"minecraft:carrot":43,"minecraft:redstone":62,"minecraft:arrow":21,"minecraft:beetroot_seeds":4,"minecraft:hay_block":32,"minecraft:pink_tulip":121,"minecraft:glow_berries":11,"minecraft:mutton":36,"minecraft:white_wool":11,"minecraft:rail":141,"minecraft:oxeye_daisy":2,"minecraft:glow_ink_sac":2,"minecraft:salmon":23,"minecraft:leather":2,"minecraft:red_mushroom":3,"minecraft:oak_log":92,"minecraft:lily_pad":52,"minecraft:cobblestone_wall":1,"minecraft:gunpowder":6,"minecraft:cobblestone_stairs":2,"minecraft:cooked_mutton":4,"minecraft:apple":1,"minecraft:iron_ingot":67,"minecraft:stone_pickaxe":1,"minecraft:pink_bed":6,"minecraft:smooth_basalt":12,"minecraft:pumpkin":12,"minecraft:dandelion":8,"minecraft:dripstone_block":2,"minecraft:gravel":95,"minecraft:amethyst_shard":56,"minecraft:blast_furnace":2,"minecraft:white_bed":2,"minecraft:spider_eye":3,"minecraft:slime_ball":10,"minecraft:cherry_sapling":55,"minecraft:baked_potato":1,"minecraft:coal":581},"minecraft:killed":{"minecraft:cave_spider":7,"minecraft:spider":6,"minecraft:skeleton":25,"minecraft:chicken":6,"minecraft:wolf":2,"minecraft:pig":8,"minecraft:zombie_villager":1,"minecraft:salmon":25,"minecraft:creeper":4,"minecraft:sheep":15,"minecraft:zombie":32,"minecraft:glow_squid":1,"minecraft:cow":7,"minecraft:slime":5,"minecraft:drowned":1,"minecraft:enderman":3}},"DataVersion":3953}