{"stats":{"minecraft:broken":{"minecraft:iron_pickaxe":1,"minecraft:fishing_rod":1},"minecraft:mined":{"minecraft:diamond_ore":3,"minecraft:oak_sapling":1,"minecraft:deepslate_diamond_ore":1,"minecraft:amethyst_cluster":3,"minecraft:crafting_table":11,"minecraft:granite":13,"minecraft:budding_amethyst":1,"minecraft:short_grass":4,"minecraft:calcite":65,"minecraft:copper_ore":4,"minecraft:tall_grass":2,"minecraft:cobblestone":4,"minecraft:lapis_ore":4,"minecraft:lily_pad":26,"minecraft:oxeye_daisy":1,"minecraft:wall_torch":1,"minecraft:amethyst_block":20,"minecraft:seagrass":3,"minecraft:tall_seagrass":3,"minecraft:furnace":6,"minecraft:iron_ore":79,"minecraft:andesite":13,"minecraft:azure_bluet":1,"minecraft:red_tulip":2,"minecraft:oak_log":63,"minecraft:coal_ore":38,"minecraft:deepslate_iron_ore":6,"minecraft:sand":17,"minecraft:gravel":2,"minecraft:dirt":16,"minecraft:pink_tulip":31,"minecraft:smooth_basalt":4,"minecraft:stone":222,"minecraft:white_tulip":4,"minecraft:blue_orchid":7,"minecraft:oak_leaves":15,"minecraft:deepslate":6},"minecraft:custom":{"minecraft:interact_with_furnace":45,"minecraft:mob_kills":12,"minecraft:interact_with_crafting_table":31,"minecraft:leave_game":2,"minecraft:time_since_death":99224,"minecraft:climb_one_cm":718,"minecraft:time_since_rest":99224,"minecraft:sprint_one_cm":59409,"minecraft:damage_taken":377,"minecraft:walk_one_cm":207724,"minecraft:drop":28,"minecraft:damage_dealt":1153,"minecraft:swim_one_cm":10263,"minecraft:fly_one_cm":62423,"minecraft:play_time":99224,"minecraft:crouch_one_cm":8622,"minecraft:sneak_time":3342,"minecraft:walk_under_water_one_cm":4393,"minecraft:boat_one_cm":224108,"minecraft:jump":839,"minecraft:interact_with_blast_furnace":12,"minecraft:walk_on_water_one_cm":21399,"minecraft:interact_with_smoker":1,"minecraft:total_world_time":99224,"minecraft:fall_one_cm":15041,"minecraft:horse_one_cm":3233},"minecraft:used":{"minecraft:calcite":1,"minecraft:oak_planks":4,"minecraft:wooden_pickaxe":19,"minecraft:iron_chestplate":1,"minecraft:torch":26,"minecraft:dirt":20,"minecraft:sand":15,"minecraft:crafting_table":10,"minecraft:blast_furnace":1,"minecraft:granite":27,"minecraft:smoker":1,"minecraft:iron_pickaxe":485,"minecraft:iron_helmet":1,"minecraft:iron_boots":1,"minecraft:smooth_basalt":7,"minecraft:stone_axe":93,"minecraft:fishing_rod":16,"minecraft:cobblestone":53,"minecraft:furnace":4,"minecraft:beef":1,"minecraft:oak_sapling":1,"minecraft:porkchop":3,"minecraft:cooked_porkchop":3,"minecraft:andesite":16,"minecraft:oak_boat":2,"minecraft:cobbled_deepslate":2},"minecraft:crafted":{"minecraft:smooth_stone":3,"minecraft:oak_planks":36,"minecraft:fishing_rod":1,"minecraft:cooked_porkchop":2,"minecraft:crafting_table":1,"minecraft:wooden_pickaxe":1,"minecraft:iron_helmet":1,"minecraft:furnace":1,"minecraft:blast_furnace":1,"minecraft:stone":3,"minecraft:stone_axe":1,"minecraft:amethyst_block":3,"minecraft:air":0,"minecraft:oak_boat":1,"minecraft:iron_boots":1,"minecraft:iron_chestplate":1,"minecraft:shield":1,"minecraft:stick":24,"minecraft:iron_ingot":84,"minecraft:iron_pickaxe":4,"minecraft:stone_pickaxe":1,"minecraft:iron_leggings":1,"minecraft:torch":36,"minecraft:smoker":1},"minecraft:dropped":{"minecraft:iron_ingot":17,"minecraft:furnace":1,"minecraft:raw_copper":12,"minecraft:crafting_table":1,"minecraft:oak_planks":2,"minecraft:slime_ball":8,"minecraft:stone_pickaxe":2,"minecraft:iron_pickaxe":2},"minecraft:picked_up":{"minecraft:birch_log":2,"minecraft:crafting_table":12,"minecraft:azure_bluet":1,"minecraft:andesite":16,"minecraft:leather":2,"minecraft:oak_log":63,"minecraft:lily_pad":26,"minecraft:gunpowder":2,"minecraft:amethyst_block":20,"minecraft:dirt":20,"minecraft:lapis_lazuli":25,"minecraft:string":2,"minecraft:raw_copper":12,"minecraft:blue_orchid":7,"minecraft:cobbled_deepslate":2,"minecraft:white_tulip":6,"minecraft:iron_ingot":3,"minecraft:stone_pickaxe":1,"minecraft:beef":1,"minecraft:oak_boat":2,"minecraft:rose_bush":1,"minecraft:calcite":69,"minecraft:furnace":6,"minecraft:stick":6,"minecraft:raw_iron":172,"minecraft:smooth_basalt":7,"minecraft:cooked_porkchop":1,"minecraft:amethyst_shard":12,"minecraft:porkchop":8,"minecraft:sand":15,"minecraft:slime_ball":8,"minecraft:red_tulip":2,"minecraft:granite":27,"minecraft:pink_tulip":61,"minecraft:oak_sapling":9,"minecraft:mutton":8,"minecraft:coal":231,"minecraft:white_wool":4,"minecraft:cobblestone":259,"minecraft:oxeye_daisy":1},"minecraft:killed":{"minecraft:pig":2,"minecraft:spider":1,"minecraft:slime":4,"minecraft:sheep":4,"minecraft:cow":1}},"DataVersion":3953}