{"stats":{"minecraft:broken":{"minecraft:iron_shovel":4,"minecraft:flint_and_steel":1,"minecraft:diamond_pickaxe":1,"minecraft:stone_axe":1,"minecraft:iron_pickaxe":7,"minecraft:fishing_rod":1},"minecraft:mined":{"minecraft:diamond_ore":3,"minecraft:tuff":432,"minecraft:white_bed":1,"minecraft:oak_sapling":1,"minecraft:pink_bed":6,"minecraft:mossy_cobblestone":1,"minecraft:oak_door":3,"minecraft:deepslate_diamond_ore":79,"minecraft:cherry_log":93,"minecraft:cherry_sapling":2,"minecraft:budding_amethyst":4,"minecraft:granite":13,"minecraft:grass_block":1069,"minecraft:oxeye_daisy":1,"minecraft:tuff_bricks":8,"minecraft:hay_block":32,"minecraft:tall_seagrass":3,"minecraft:waxed_oxidized_cut_copper":1,"minecraft:furnace":6,"minecraft:carrots":16,"minecraft:iron_ore":88,"minecraft:fire":4,"minecraft:cobbled_deepslate":53,"minecraft:andesite":27,"minecraft:pumpkin":6,"minecraft:azure_bluet":1,"minecraft:pointed_dripstone":5,"minecraft:red_tulip":2,"minecraft:potatoes":5,"minecraft:dirt_path":3,"minecraft:cave_vines":1,"minecraft:deepslate_iron_ore":22,"minecraft:rail":77,"minecraft:pink_tulip":31,"minecraft:white_tulip":4,"minecraft:stone":297,"minecraft:blue_orchid":7,"minecraft:deepslate_redstone_ore":7,"minecraft:amethyst_cluster":9,"minecraft:smoker":3,"minecraft:dandelion":2,"minecraft:crafting_table":28,"minecraft:torch":11,"minecraft:short_grass":49,"minecraft:blast_furnace":3,"minecraft:emerald_ore":2,"minecraft:calcite":139,"minecraft:chest":1,"minecraft:rose_bush":1,"minecraft:copper_ore":12,"minecraft:tall_grass":8,"minecraft:cobblestone":11,"minecraft:deepslate_gold_ore":22,"minecraft:lapis_ore":4,"minecraft:lily_pad":26,"minecraft:oak_planks":10,"minecraft:sugar_cane":6,"minecraft:wall_torch":6,"minecraft:amethyst_block":38,"minecraft:pink_petals":3,"minecraft:seagrass":7,"minecraft:wheat":30,"minecraft:coal_ore":111,"minecraft:oak_log":67,"minecraft:beetroots":1,"minecraft:cherry_leaves":84,"minecraft:gravel":124,"minecraft:sand":18,"minecraft:dirt":208,"minecraft:smooth_basalt":25,"minecraft:red_mushroom_block":4,"minecraft:oak_leaves":30,"minecraft:deepslate":2027},"minecraft:crafted":{"minecraft:cherry_planks":4,"minecraft:oak_door":3,"minecraft:smooth_stone":3,"minecraft:oak_planks":156,"minecraft:fishing_rod":1,"minecraft:pink_bed":1,"minecraft:furnace":2,"minecraft:blast_furnace":1,"minecraft:stone":3,"minecraft:bone_meal":6,"minecraft:diamond_shovel":1,"minecraft:pink_dye":1,"minecraft:flint_and_steel":2,"minecraft:diamond_helmet":2,"minecraft:diamond_leggings":2,"minecraft:iron_boots":1,"minecraft:iron_axe":1,"minecraft:stone_pickaxe":1,"minecraft:chest":1,"minecraft:diamond_boots":2,"minecraft:smoker":1,"minecraft:wheat":198,"minecraft:cooked_beef":3,"minecraft:cooked_porkchop":5,"minecraft:diamond_axe":1,"minecraft:crafting_table":3,"minecraft:wooden_pickaxe":1,"minecraft:iron_helmet":1,"minecraft:birch_planks":8,"minecraft:stone_axe":1,"minecraft:amethyst_block":3,"minecraft:bread":21,"minecraft:air":0,"minecraft:oak_boat":2,"minecraft:iron_chestplate":1,"minecraft:diamond_pickaxe":2,"minecraft:shield":1,"minecraft:stick":94,"minecraft:iron_ingot":111,"minecraft:iron_pickaxe":11,"minecraft:iron_shovel":4,"minecraft:iron_leggings":1,"minecraft:torch":300,"minecraft:diamond_chestplate":2},"minecraft:dropped":{"minecraft:iron_ingot":53,"minecraft:cooked_beef":3,"minecraft:oak_log":24,"minecraft:baked_potato":1,"minecraft:diamond":48,"minecraft:crafting_table":4,"minecraft:diamond_leggings":1,"minecraft:feather":13,"minecraft:iron_helmet":1,"minecraft:cobblestone":167,"minecraft:apple":1,"minecraft:leather":1,"minecraft:coal":64,"minecraft:flint":4,"minecraft:stick":3,"minecraft:diamond_helmet":1,"minecraft:iron_leggings":1,"minecraft:iron_axe":1,"minecraft:iron_pickaxe":4,"minecraft:string":7,"minecraft:white_wool":5,"minecraft:redstone":36,"minecraft:smooth_basalt":1,"minecraft:bone":1,"minecraft:oak_door":2,"minecraft:gravel":94,"minecraft:furnace":1,"minecraft:cobbled_deepslate":1269,"minecraft:raw_copper":12,"minecraft:tuff":249,"minecraft:oak_planks":6,"minecraft:iron_boots":1,"minecraft:azure_bluet":1,"minecraft:white_bed":1,"minecraft:gunpowder":4,"minecraft:diamond_chestplate":1,"minecraft:iron_chestplate":1,"minecraft:andesite":14,"minecraft:oak_sapling":1,"minecraft:oak_boat":2,"minecraft:diamond_boots":1,"minecraft:slime_ball":10,"minecraft:arrow":6,"minecraft:stone_pickaxe":2,"minecraft:calcite":3},"minecraft:used":{"minecraft:cherry_sapling":55,"minecraft:rose_bush":1,"minecraft:iron_shovel":1034,"minecraft:flint_and_steel":73,"minecraft:chest":2,"minecraft:shield":39,"minecraft:rotten_flesh":10,"minecraft:iron_chestplate":1,"minecraft:oak_door":4,"minecraft:torch":328,"minecraft:dirt":63,"minecraft:carrot":43,"minecraft:tuff":24,"minecraft:granite":27,"minecraft:iron_axe":82,"minecraft:grass_block":1,"minecraft:iron_helmet":1,"minecraft:iron_boots":1,"minecraft:smooth_basalt":9,"minecraft:light_gray_wool":2,"minecraft:beef":1,"minecraft:oak_sapling":1,"minecraft:furnace":5,"minecraft:beetroot_seeds":4,"minecraft:pointed_dripstone":5,"minecraft:egg":5,"minecraft:potato":11,"minecraft:cherry_log":4,"minecraft:calcite":5,"minecraft:cobbled_deepslate":221,"minecraft:cooked_mutton":4,"minecraft:diamond_boots":1,"minecraft:baked_potato":10,"minecraft:oak_planks":7,"minecraft:wooden_pickaxe":19,"minecraft:diamond_axe":371,"minecraft:white_wool":4,"minecraft:glow_berries":11,"minecraft:mossy_cobblestone":1,"minecraft:sand":15,"minecraft:crafting_table":29,"minecraft:blast_furnace":3,"minecraft:smoker":4,"minecraft:diamond_pickaxe":1673,"minecraft:diamond_shovel":264,"minecraft:iron_pickaxe":1953,"minecraft:bread":20,"minecraft:gravel":1,"minecraft:stone_axe":104,"minecraft:pink_bed":7,"minecraft:fishing_rod":16,"minecraft:cobblestone":109,"minecraft:porkchop":6,"minecraft:cooked_porkchop":16,"minecraft:andesite":16,"minecraft:oak_boat":4,"minecraft:bone_meal":7},"minecraft:custom":{"minecraft:mob_kills":128,"minecraft:interact_with_crafting_table":63,"minecraft:bell_ring":89,"minecraft:leave_game":11,"minecraft:time_since_death":428286,"minecraft:climb_one_cm":814,"minecraft:sprint_one_cm":636412,"minecraft:walk_one_cm":1314519,"minecraft:damage_blocked_by_shield":2510,"minecraft:drop":286,"minecraft:play_time":428286,"minecraft:sneak_time":25445,"minecraft:walk_under_water_one_cm":47661,"minecraft:boat_one_cm":253495,"minecraft:jump":4612,"minecraft:interact_with_blast_furnace":20,"minecraft:walk_on_water_one_cm":75200,"minecraft:total_world_time":428286,"minecraft:interact_with_furnace":55,"minecraft:sleep_in_bed":11,"minecraft:time_since_rest":22762,"minecraft:damage_taken":2809,"minecraft:damage_dealt":16721,"minecraft:player_kills":1,"minecraft:swim_one_cm":197556,"minecraft:fly_one_cm":497209,"minecraft:open_chest":36,"minecraft:crouch_one_cm":55756,"minecraft:interact_with_smoker":19,"minecraft:fall_one_cm":90448,"minecraft:horse_one_cm":4136},"minecraft:killed":{"minecraft:cave_spider":6,"minecraft:spider":2,"minecraft:slime":5,"minecraft:skeleton":19,"minecraft:chicken":6,"minecraft:drowned":1,"minecraft:wolf":2,"minecraft:pig":8,"minecraft:zombie_villager":1,"minecraft:salmon":25,"minecraft:creeper":4,"minecraft:sheep":15,"minecraft:zombie":24,"minecraft:enderman":2,"minecraft:cow":7},"minecraft:picked_up":{"minecraft:crafting_table":32,"minecraft:wheat":22,"minecraft:azure_bluet":3,"minecraft:chicken":13,"minecraft:enchanted_book":1,"minecraft:amethyst_block":77,"minecraft:cornflower":1,"minecraft:string":9,"minecraft:raw_copper":53,"minecraft:iron_shovel":1,"minecraft:blue_orchid":14,"minecraft:beetroot":1,"minecraft:cobbled_deepslate":1428,"minecraft:beef":7,"minecraft:white_tulip":12,"minecraft:oak_boat":5,"minecraft:rose_bush":3,"minecraft:calcite":196,"minecraft:poppy":1,"minecraft:light_gray_wool":2,"minecraft:sugar_cane":14,"minecraft:chest":1,"minecraft:furnace":6,"minecraft:egg":7,"minecraft:stick":33,"minecraft:raw_iron":246,"minecraft:oak_door":3,"minecraft:big_dripleaf":4,"minecraft:torch":23,"minecraft:porkchop":31,"minecraft:cherry_log":93,"minecraft:pointed_dripstone":5,"minecraft:carrot":43,"minecraft:redstone":62,"minecraft:arrow":16,"minecraft:rotten_flesh":23,"minecraft:beetroot_seeds":4,"minecraft:hay_block":32,"minecraft:red_tulip":2,"minecraft:pink_tulip":121,"minecraft:glow_berries":11,"minecraft:mutton":36,"minecraft:rail":140,"minecraft:white_wool":9,"minecraft:cobblestone":345,"minecraft:oxeye_daisy":2,"minecraft:birch_log":2,"minecraft:pink_petals":10,"minecraft:leather_chestplate":1,"minecraft:feather":13,"minecraft:andesite":30,"minecraft:salmon":23,"minecraft:leather":2,"minecraft:smoker":4,"minecraft:red_mushroom":3,"minecraft:potato":11,"minecraft:flint":14,"minecraft:tuff":273,"minecraft:oak_log":67,"minecraft:lily_pad":52,"minecraft:gunpowder":6,"minecraft:lapis_lazuli":59,"minecraft:dirt":1282,"minecraft:name_tag":1,"minecraft:cooked_mutton":4,"minecraft:bone":18,"minecraft:apple":1,"minecraft:wheat_seeds":87,"minecraft:raw_gold":42,"minecraft:iron_ingot":65,"minecraft:stone_pickaxe":1,"minecraft:oak_planks":76,"minecraft:pink_bed":6,"minecraft:smooth_basalt":12,"minecraft:cooked_porkchop":11,"minecraft:pumpkin":12,"minecraft:dandelion":8,"minecraft:gravel":95,"minecraft:sand":15,"minecraft:amethyst_shard":32,"minecraft:blast_furnace":2,"minecraft:white_bed":2,"minecraft:grass_block":1,"minecraft:spider_eye":3,"minecraft:mossy_cobblestone":1,"minecraft:slime_ball":10,"minecraft:diamond":150,"minecraft:granite":27,"minecraft:cherry_sapling":55,"minecraft:bone_meal":1,"minecraft:emerald":4,"minecraft:baked_potato":1,"minecraft:oak_sapling":10,"minecraft:coal":543}},"DataVersion":3953}