{"stats":{"minecraft:broken":{"minecraft:iron_shovel":4,"minecraft:diamond_pickaxe":1,"minecraft:stone_axe":1,"minecraft:fishing_rod":1,"minecraft:stone_shovel":8,"minecraft:flint_and_steel":1,"minecraft:shield":2,"minecraft:iron_pickaxe":7},"minecraft:mined":{"minecraft:white_bed":2,"minecraft:oak_sapling":1,"minecraft:pink_bed":6,"minecraft:cobblestone_stairs":2,"minecraft:cherry_log":93,"minecraft:brewing_stand":1,"minecraft:obsidian":20,"minecraft:granite":67,"minecraft:budding_amethyst":6,"minecraft:grass_block":1559,"minecraft:oak_wall_sign":1,"minecraft:oxeye_daisy":1,"minecraft:tuff_bricks":10,"minecraft:spawner":2,"minecraft:tall_seagrass":3,"minecraft:iron_ore":161,"minecraft:barrel":4,"minecraft:cobbled_deepslate":59,"minecraft:fire":15,"minecraft:pumpkin":6,"minecraft:deepslate_lapis_ore":6,"minecraft:azure_bluet":1,"minecraft:sculk_shrieker":1,"minecraft:red_tulip":2,"minecraft:pointed_dripstone":16,"minecraft:cave_vines":1,"minecraft:oak_sign":2,"minecraft:water_cauldron":3,"minecraft:dirt_path":16,"minecraft:oak_stairs":25,"minecraft:pink_tulip":31,"minecraft:blue_orchid":7,"minecraft:tripwire":10,"minecraft:deepslate_redstone_ore":7,"minecraft:smoker":4,"minecraft:amethyst_cluster":14,"minecraft:powder_snow":1,"minecraft:torch":13,"minecraft:blast_furnace":3,"minecraft:calcite":228,"minecraft:chest":11,"minecraft:nether_quartz_ore":6,"minecraft:cobblestone":123,"minecraft:oak_planks":26,"minecraft:sugar_cane":134,"minecraft:wall_torch":8,"minecraft:amethyst_block":70,"minecraft:cauldron":4,"minecraft:pink_petals":3,"minecraft:seagrass":7,"minecraft:cherry_fence":2,"minecraft:powered_rail":10,"minecraft:nether_wart_block":6,"minecraft:wheat":30,"minecraft:stone_brick_stairs":1,"minecraft:oak_log":104,"minecraft:beetroots":1,"minecraft:sand":18,"minecraft:dirt":1037,"minecraft:smooth_basalt":27,"minecraft:red_mushroom_block":4,"minecraft:netherrack":525,"minecraft:oak_leaves":40,"minecraft:deepslate":2248,"minecraft:nether_gold_ore":21,"minecraft:diamond_ore":3,"minecraft:tuff":468,"minecraft:mossy_cobblestone":4,"minecraft:deepslate_diamond_ore":122,"minecraft:oak_door":3,"minecraft:cherry_sapling":2,"minecraft:nether_bricks":12,"minecraft:hay_block":37,"minecraft:waxed_oxidized_cut_copper":1,"minecraft:furnace":8,"minecraft:carrots":59,"minecraft:andesite":64,"minecraft:gold_block":2,"minecraft:bookshelf":14,"minecraft:potatoes":168,"minecraft:cobblestone_slab":1,"minecraft:deepslate_iron_ore":122,"minecraft:rail":141,"minecraft:stone":1074,"minecraft:white_tulip":4,"minecraft:smithing_table":1,"minecraft:oak_slab":11,"minecraft:glass_pane":2,"minecraft:snow_block":35,"minecraft:dandelion":2,"minecraft:oak_fence":7,"minecraft:crafting_table":32,"minecraft:short_grass":98,"minecraft:emerald_ore":2,"minecraft:rose_bush":4,"minecraft:sculk_sensor":10,"minecraft:lectern":403,"minecraft:copper_ore":17,"minecraft:tall_grass":22,"minecraft:lapis_ore":4,"minecraft:deepslate_gold_ore":43,"minecraft:lily_pad":26,"minecraft:sculk":10,"minecraft:diorite":25,"minecraft:cobblestone_wall":22,"minecraft:redstone_torch":1,"minecraft:yellow_bed":1,"minecraft:coal_ore":216,"minecraft:cherry_leaves":84,"minecraft:gravel":136,"minecraft:dripstone_block":5,"minecraft:gold_ore":10},"minecraft:killed_by":{"minecraft:zombified_piglin":2,"minecraft:skeleton":1},"minecraft:custom":{"minecraft:animals_bred":4,"minecraft:interact_with_crafting_table":113,"minecraft:open_barrel":7,"minecraft:bell_ring":97,"minecraft:leave_game":30,"minecraft:time_since_death":203216,"minecraft:sprint_one_cm":1935656,"minecraft:damage_blocked_by_shield":6668,"minecraft:drop":582,"minecraft:talked_to_villager":569,"minecraft:play_time":1315254,"minecraft:deaths":5,"minecraft:jump":14737,"minecraft:walk_on_water_one_cm":124523,"minecraft:interact_with_furnace":68,"minecraft:traded_with_villager":497,"minecraft:sleep_in_bed":48,"minecraft:damage_dealt":35651,"minecraft:player_kills":1,"minecraft:crouch_one_cm":113112,"minecraft:interact_with_smoker":28,"minecraft:inspect_dispenser":13,"minecraft:horse_one_cm":4510,"minecraft:interact_with_anvil":4,"minecraft:mob_kills":233,"minecraft:inspect_hopper":2,"minecraft:climb_one_cm":48930,"minecraft:walk_one_cm":3465631,"minecraft:sneak_time":50329,"minecraft:walk_under_water_one_cm":93953,"minecraft:boat_one_cm":313479,"minecraft:interact_with_blast_furnace":29,"minecraft:total_world_time":1315254,"minecraft:time_since_rest":12453,"minecraft:damage_taken":8307,"minecraft:swim_one_cm":316068,"minecraft:fly_one_cm":2166573,"minecraft:open_chest":441,"minecraft:fall_one_cm":320273},"minecraft:used":{"minecraft:tuff_bricks":2,"minecraft:cherry_sapling":55,"minecraft:iron_shovel":1034,"minecraft:oak_sign":3,"minecraft:chest":15,"minecraft:shield":102,"minecraft:bell":5,"minecraft:rotten_flesh":10,"minecraft:iron_chestplate":1,"minecraft:carrot":65,"minecraft:tuff":63,"minecraft:snowball":1,"minecraft:obsidian":13,"minecraft:grass_block":1,"minecraft:iron_helmet":1,"minecraft:hay_block":1,"minecraft:oak_sapling":1,"minecraft:furnace":8,"minecraft:beetroot_seeds":4,"minecraft:egg":5,"minecraft:potato":196,"minecraft:diorite":3,"minecraft:diamond_boots":2,"minecraft:oak_planks":78,"minecraft:powered_rail":4,"minecraft:wooden_pickaxe":19,"minecraft:sugar_cane":36,"minecraft:diamond_axe":1082,"minecraft:white_wool":4,"minecraft:glow_berries":11,"minecraft:sand":15,"minecraft:blast_furnace":4,"minecraft:dripstone_block":1,"minecraft:redstone_torch":2,"minecraft:string":19,"minecraft:bread":53,"minecraft:lectern":410,"minecraft:gravel":24,"minecraft:diamond_sword":160,"minecraft:smithing_table":1,"minecraft:andesite":29,"minecraft:oak_boat":4,"minecraft:bone_meal":7,"minecraft:oak_fence":6,"minecraft:rose_bush":4,"minecraft:enchanting_table":1,"minecraft:flint_and_steel":74,"minecraft:stone_shovel":1163,"minecraft:netherrack":262,"minecraft:oak_door":5,"minecraft:dirt":1395,"minecraft:torch":396,"minecraft:brewing_stand":1,"minecraft:white_carpet":3,"minecraft:cobblestone_wall":21,"minecraft:diamond_helmet":2,"minecraft:granite":27,"minecraft:bookshelf":36,"minecraft:iron_axe":82,"minecraft:oak_stairs":43,"minecraft:iron_boots":1,"minecraft:barrel":4,"minecraft:smooth_basalt":11,"minecraft:diamond_chestplate":2,"minecraft:light_gray_wool":2,"minecraft:beef":1,"minecraft:minecart":1,"minecraft:cherry_fence":29,"minecraft:cobbled_deepslate":416,"minecraft:pointed_dripstone":5,"minecraft:cherry_log":4,"minecraft:calcite":25,"minecraft:cooked_mutton":4,"minecraft:water_bucket":32,"minecraft:cobblestone_stairs":3,"minecraft:baked_potato":99,"minecraft:cauldron":5,"minecraft:cobblestone_slab":1,"minecraft:mossy_cobblestone":1,"minecraft:rail":78,"minecraft:oak_slab":19,"minecraft:crafting_table":37,"minecraft:smoker":5,"minecraft:oak_log":11,"minecraft:diamond_pickaxe":4226,"minecraft:diamond_shovel":427,"minecraft:oak_button":2,"minecraft:iron_pickaxe":1953,"minecraft:stone_axe":105,"minecraft:pink_bed":7,"minecraft:fishing_rod":16,"minecraft:cobblestone":470,"minecraft:porkchop":6,"minecraft:cooked_porkchop":16,"minecraft:bucket":33,"minecraft:glass_pane":3},"minecraft:dropped":{"minecraft:cooked_beef":3,"minecraft:oak_log":93,"minecraft:baked_potato":2,"minecraft:diamond":179,"minecraft:crafting_table":6,"minecraft:glow_berries":3,"minecraft:leather":1,"minecraft:rail":50,"minecraft:flint":7,"minecraft:emerald":347,"minecraft:gold_block":2,"minecraft:cornflower":2,"minecraft:snowball":127,"minecraft:gold_nugget":3,"minecraft:amethyst_shard":44,"minecraft:iron_pickaxe":4,"minecraft:white_wool":7,"minecraft:bone":34,"minecraft:oak_door":2,"minecraft:gravel":94,"minecraft:stone_axe":1,"minecraft:sugar_cane":14,"minecraft:cobbled_deepslate":1284,"minecraft:obsidian":13,"minecraft:pointed_dripstone":12,"minecraft:rotten_flesh":30,"minecraft:oak_planks":14,"minecraft:azure_bluet":1,"minecraft:white_bed":1,"minecraft:salmon":6,"minecraft:carrot":24,"minecraft:gunpowder":7,"minecraft:arrow":21,"minecraft:powered_rail":4,"minecraft:lectern":12,"minecraft:egg":2,"minecraft:iron_ingot":107,"minecraft:wheat_seeds":19,"minecraft:clock":1,"minecraft:mossy_cobblestone":3,"minecraft:minecart":2,"minecraft:dripstone_block":6,"minecraft:diamond_leggings":1,"minecraft:iron_helmet":1,"minecraft:feather":13,"minecraft:cobblestone":310,"minecraft:apple":6,"minecraft:amethyst_block":8,"minecraft:granite":1,"minecraft:coal":64,"minecraft:stick":13,"minecraft:oxeye_daisy":1,"minecraft:torch":87,"minecraft:diamond_helmet":2,"minecraft:iron_leggings":1,"minecraft:oak_stairs":1,"minecraft:iron_axe":1,"minecraft:string":139,"minecraft:pink_petals":10,"minecraft:redstone":36,"minecraft:smooth_basalt":1,"minecraft:furnace":1,"minecraft:raw_copper":12,"minecraft:tuff":249,"minecraft:raw_iron":165,"minecraft:chicken":7,"minecraft:iron_boots":1,"minecraft:name_tag":2,"minecraft:diamond_sword":2,"minecraft:diamond_chestplate":2,"minecraft:diamond_pickaxe":1,"minecraft:iron_chestplate":1,"minecraft:andesite":16,"minecraft:oak_boat":2,"minecraft:oak_sapling":1,"minecraft:diamond_boots":2,"minecraft:slime_ball":10,"minecraft:stone_pickaxe":2,"minecraft:raw_gold":27,"minecraft:calcite":5},"minecraft:crafted":{"minecraft:oak_planks":588,"minecraft:smooth_stone":3,"minecraft:oak_sign":3,"minecraft:pink_bed":1,"minecraft:stone":3,"minecraft:cobblestone_stairs":4,"minecraft:diamond_shovel":1,"minecraft:bookshelf":41,"minecraft:diamond_helmet":2,"minecraft:diamond_leggings":2,"minecraft:iron_boots":1,"minecraft:chest":5,"minecraft:cherry_fence":27,"minecraft:smoker":1,"minecraft:oak_slab":42,"minecraft:emerald":411,"minecraft:cooked_porkchop":5,"minecraft:diamond_axe":1,"minecraft:crafting_table":8,"minecraft:iron_helmet":1,"minecraft:wooden_pickaxe":1,"minecraft:baked_potato":136,"minecraft:smithing_table":1,"minecraft:birch_planks":8,"minecraft:lectern":5,"minecraft:iron_chestplate":1,"minecraft:book":11,"minecraft:paper":114,"minecraft:diamond_pickaxe":3,"minecraft:shield":4,"minecraft:stick":162,"minecraft:iron_ingot":170,"minecraft:iron_pickaxe":11,"minecraft:gold_ingot":16,"minecraft:composter":1,"minecraft:shears":1,"minecraft:cherry_planks":100,"minecraft:oak_door":6,"minecraft:stone_shovel":20,"minecraft:fishing_rod":1,"minecraft:furnace":3,"minecraft:blast_furnace":1,"minecraft:bone_meal":6,"minecraft:pink_dye":1,"minecraft:white_carpet":3,"minecraft:flint_and_steel":3,"minecraft:iron_axe":1,"minecraft:stone_pickaxe":1,"minecraft:cobblestone_wall":6,"minecraft:diamond_boots":2,"minecraft:minecart":2,"minecraft:wheat":198,"minecraft:cooked_beef":3,"minecraft:diamond_sword":2,"minecraft:enchanting_table":1,"minecraft:bell":6,"minecraft:bucket":1,"minecraft:stone_axe":25,"minecraft:amethyst_block":3,"minecraft:enchanted_book":9,"minecraft:bread":49,"minecraft:air":0,"minecraft:blue_dye":1,"minecraft:oak_boat":2,"minecraft:oak_stairs":20,"minecraft:iron_shovel":4,"minecraft:iron_leggings":1,"minecraft:torch":504,"minecraft:diamond_chestplate":2},"minecraft:picked_up":{"minecraft:wheat":64,"minecraft:smithing_table":1,"minecraft:diamond_sword":3,"minecraft:oak_stairs":26,"minecraft:enchanted_book":12,"minecraft:brewing_stand":1,"minecraft:amethyst_block":187,"minecraft:string":1953,"minecraft:raw_copper":89,"minecraft:oak_sign":6,"minecraft:beetroot":1,"minecraft:diamond_leggings":3,"minecraft:gold_nugget":148,"minecraft:cobbled_deepslate":1640,"minecraft:white_tulip":18,"minecraft:rose_bush":10,"minecraft:redstone_torch":2,"minecraft:cobblestone_slab":1,"minecraft:calcite":351,"minecraft:furnace":8,"minecraft:stick":76,"minecraft:big_dripleaf":6,"minecraft:oak_fence":7,"minecraft:torch":72,"minecraft:porkchop":48,"minecraft:cherry_log":93,"minecraft:pointed_dripstone":41,"minecraft:diorite":28,"minecraft:cauldron":7,"minecraft:rotten_flesh":109,"minecraft:red_tulip":2,"minecraft:blaze_rod":15,"minecraft:obsidian":33,"minecraft:cod":4,"minecraft:snowball":128,"minecraft:cobblestone":1189,"minecraft:birch_log":2,"minecraft:magma_cream":3,"minecraft:pink_petals":36,"minecraft:leather_chestplate":2,"minecraft:feather":14,"minecraft:cooked_beef":64,"minecraft:cherry_planks":13,"minecraft:water_bucket":3,"minecraft:andesite":50,"minecraft:smoker":5,"minecraft:potato":949,"minecraft:flint":37,"minecraft:tuff":312,"minecraft:cherry_fence":2,"minecraft:lapis_lazuli":125,"minecraft:dirt":2808,"minecraft:name_tag":5,"minecraft:bone":98,"minecraft:bow":1,"minecraft:wheat_seeds":106,"minecraft:raw_gold":201,"minecraft:bell":2,"minecraft:diamond_helmet":4,"minecraft:powered_rail":29,"minecraft:oak_planks":285,"minecraft:cooked_porkchop":11,"minecraft:poisonous_potato":2,"minecraft:sand":15,"minecraft:grass_block":1,"minecraft:barrel":38,"minecraft:mossy_cobblestone":7,"minecraft:diamond":391,"minecraft:granite":60,"minecraft:bone_meal":1,"minecraft:golden_apple":1,"minecraft:emerald":86,"minecraft:oak_sapling":10,"minecraft:netherrack":366,"minecraft:diamond_pickaxe":5,"minecraft:crafting_table":40,"minecraft:azure_bluet":3,"minecraft:chicken":28,"minecraft:gold_block":2,"minecraft:shield":4,"minecraft:cornflower":2,"minecraft:flint_and_steel":3,"minecraft:blackstone":66,"minecraft:iron_shovel":1,"minecraft:blue_orchid":21,"minecraft:beef":7,"minecraft:oak_boat":6,"minecraft:poppy":2,"minecraft:light_gray_wool":2,"minecraft:minecart":6,"minecraft:lectern":420,"minecraft:sugar_cane":444,"minecraft:chest":11,"minecraft:egg":13,"minecraft:raw_iron":765,"minecraft:oak_door":3,"minecraft:fire_charge":1,"minecraft:carrot":275,"minecraft:redstone":75,"minecraft:stone_shovel":1,"minecraft:arrow":93,"minecraft:diamond_chestplate":4,"minecraft:beetroot_seeds":4,"minecraft:nether_bricks":13,"minecraft:diamond_boots":4,"minecraft:hay_block":45,"minecraft:pink_tulip":121,"minecraft:tuff_bricks":2,"minecraft:glow_berries":17,"minecraft:mutton":52,"minecraft:rail":495,"minecraft:white_wool":13,"minecraft:oxeye_daisy":2,"minecraft:glow_ink_sac":4,"minecraft:salmon":39,"minecraft:leather":12,"minecraft:red_mushroom":6,"minecraft:oak_log":703,"minecraft:nether_wart_block":6,"minecraft:lily_pad":78,"minecraft:golden_boots":1,"minecraft:cobblestone_wall":27,"minecraft:yellow_bed":1,"minecraft:gunpowder":15,"minecraft:cobblestone_stairs":2,"minecraft:cooked_mutton":4,"minecraft:apple":11,"minecraft:rabbit_hide":1,"minecraft:iron_ingot":300,"minecraft:stone_pickaxe":1,"minecraft:book":57,"minecraft:oak_slab":17,"minecraft:pink_bed":6,"minecraft:smooth_basalt":12,"minecraft:pumpkin":18,"minecraft:quartz":8,"minecraft:dandelion":8,"minecraft:dripstone_block":12,"minecraft:gravel":118,"minecraft:amethyst_shard":100,"minecraft:blast_furnace":2,"minecraft:white_bed":3,"minecraft:crying_obsidian":3,"minecraft:spider_eye":8,"minecraft:diamond_shovel":2,"minecraft:slime_ball":10,"minecraft:rib_armor_trim_smithing_template":1,"minecraft:diamond_axe":4,"minecraft:cherry_sapling":55,"minecraft:oak_button":2,"minecraft:baked_potato":442,"minecraft:coal":1085,"minecraft:ender_pearl":2},"minecraft:killed":{"minecraft:cave_spider":7,"minecraft:zombified_piglin":3,"minecraft:spider":12,"minecraft:cod":4,"minecraft:skeleton":38,"minecraft:chicken":6,"minecraft:magma_cube":5,"minecraft:wolf":2,"minecraft:piglin":1,"minecraft:pig":8,"minecraft:zombie_villager":1,"minecraft:salmon":28,"minecraft:creeper":7,"minecraft:sheep":16,"minecraft:zombie":56,"minecraft:glow_squid":1,"minecraft:blaze":10,"minecraft:cow":7,"minecraft:slime":5,"minecraft:drowned":2,"minecraft:hoglin":3,"minecraft:wither_skeleton":1,"minecraft:villager":3,"minecraft:enderman":3}},"DataVersion":3953}