{"stats":{"minecraft:crafted":{"minecraft:oak_planks":296,"minecraft:smooth_stone":3,"minecraft:pink_bed":1,"minecraft:stone":3,"minecraft:cobblestone_stairs":4,"minecraft:diamond_shovel":1,"minecraft:bookshelf":3,"minecraft:diamond_helmet":2,"minecraft:iron_boots":1,"minecraft:diamond_leggings":2,"minecraft:chest":2,"minecraft:cherry_fence":27,"minecraft:smoker":1,"minecraft:oak_slab":30,"minecraft:cooked_porkchop":5,"minecraft:diamond_axe":1,"minecraft:crafting_table":4,"minecraft:iron_helmet":1,"minecraft:wooden_pickaxe":1,"minecraft:baked_potato":8,"minecraft:birch_planks":8,"minecraft:lectern":3,"minecraft:book":11,"minecraft:iron_chestplate":1,"minecraft:paper":57,"minecraft:diamond_pickaxe":2,"minecraft:shield":3,"minecraft:stick":138,"minecraft:iron_ingot":118,"minecraft:iron_pickaxe":11,"minecraft:shears":1,"minecraft:cherry_planks":100,"minecraft:oak_door":6,"minecraft:fishing_rod":1,"minecraft:furnace":3,"minecraft:blast_furnace":1,"minecraft:bone_meal":6,"minecraft:pink_dye":1,"minecraft:white_carpet":3,"minecraft:flint_and_steel":2,"minecraft:iron_axe":1,"minecraft:stone_pickaxe":1,"minecraft:cobblestone_wall":6,"minecraft:diamond_boots":2,"minecraft:wheat":198,"minecraft:cooked_beef":3,"minecraft:bucket":1,"minecraft:stone_axe":1,"minecraft:amethyst_block":3,"minecraft:bread":49,"minecraft:air":0,"minecraft:blue_dye":1,"minecraft:oak_boat":2,"minecraft:oak_stairs":20,"minecraft:iron_shovel":4,"minecraft:iron_leggings":1,"minecraft:torch":328,"minecraft:diamond_chestplate":2},"minecraft:broken":{"minecraft:iron_shovel":4,"minecraft:diamond_pickaxe":1,"minecraft:stone_axe":1,"minecraft:fishing_rod":1,"minecraft:flint_and_steel":1,"minecraft:shield":2,"minecraft:iron_pickaxe":7},"minecraft:mined":{"minecraft:white_bed":1,"minecraft:oak_sapling":1,"minecraft:pink_bed":6,"minecraft:cherry_log":93,"minecraft:cobblestone_stairs":2,"minecraft:obsidian":13,"minecraft:granite":63,"minecraft:budding_amethyst":6,"minecraft:grass_block":1139,"minecraft:oxeye_daisy":1,"minecraft:tuff_bricks":8,"minecraft:tall_seagrass":3,"minecraft:iron_ore":118,"minecraft:cobbled_deepslate":54,"minecraft:fire":7,"minecraft:pumpkin":6,"minecraft:deepslate_lapis_ore":6,"minecraft:azure_bluet":1,"minecraft:pointed_dripstone":13,"minecraft:red_tulip":2,"minecraft:cave_vines":1,"minecraft:water_cauldron":3,"minecraft:dirt_path":16,"minecraft:oak_stairs":24,"minecraft:pink_tulip":31,"minecraft:blue_orchid":7,"minecraft:deepslate_redstone_ore":7,"minecraft:smoker":4,"minecraft:amethyst_cluster":14,"minecraft:powder_snow":1,"minecraft:torch":12,"minecraft:blast_furnace":3,"minecraft:calcite":228,"minecraft:chest":7,"minecraft:cobblestone":111,"minecraft:sugar_cane":87,"minecraft:oak_planks":24,"minecraft:wall_torch":7,"minecraft:amethyst_block":70,"minecraft:cauldron":4,"minecraft:pink_petals":3,"minecraft:seagrass":7,"minecraft:cherry_fence":2,"minecraft:wheat":30,"minecraft:stone_brick_stairs":1,"minecraft:oak_log":100,"minecraft:beetroots":1,"minecraft:sand":18,"minecraft:dirt":239,"minecraft:smooth_basalt":27,"minecraft:red_mushroom_block":4,"minecraft:oak_leaves":39,"minecraft:deepslate":2086,"minecraft:diamond_ore":3,"minecraft:tuff":432,"minecraft:mossy_cobblestone":4,"minecraft:deepslate_diamond_ore":92,"minecraft:oak_door":3,"minecraft:cherry_sapling":2,"minecraft:hay_block":35,"minecraft:waxed_oxidized_cut_copper":1,"minecraft:furnace":8,"minecraft:carrots":57,"minecraft:andesite":46,"minecraft:gold_block":2,"minecraft:potatoes":103,"minecraft:deepslate_iron_ore":63,"minecraft:rail":85,"minecraft:stone":820,"minecraft:white_tulip":4,"minecraft:oak_slab":10,"minecraft:glass_pane":1,"minecraft:snow_block":35,"minecraft:dandelion":2,"minecraft:oak_fence":7,"minecraft:crafting_table":30,"minecraft:short_grass":69,"minecraft:emerald_ore":2,"minecraft:rose_bush":4,"minecraft:lectern":10,"minecraft:tall_grass":18,"minecraft:copper_ore":12,"minecraft:lapis_ore":4,"minecraft:deepslate_gold_ore":41,"minecraft:lily_pad":26,"minecraft:cobblestone_wall":1,"minecraft:coal_ore":160,"minecraft:cherry_leaves":84,"minecraft:gravel":124,"minecraft:dripstone_block":4,"minecraft:gold_ore":1},"minecraft:dropped":{"minecraft:cooked_beef":3,"minecraft:oak_log":24,"minecraft:baked_potato":1,"minecraft:diamond":81,"minecraft:crafting_table":6,"minecraft:glow_berries":3,"minecraft:leather":1,"minecraft:rail":40,"minecraft:flint":4,"minecraft:gold_block":2,"minecraft:cornflower":2,"minecraft:snowball":127,"minecraft:amethyst_shard":44,"minecraft:iron_pickaxe":4,"minecraft:white_wool":7,"minecraft:bone":34,"minecraft:oak_door":2,"minecraft:gravel":94,"minecraft:sugar_cane":14,"minecraft:cobbled_deepslate":1284,"minecraft:obsidian":13,"minecraft:pointed_dripstone":12,"minecraft:oak_planks":14,"minecraft:azure_bluet":1,"minecraft:white_bed":1,"minecraft:salmon":6,"minecraft:carrot":7,"minecraft:gunpowder":6,"minecraft:arrow":21,"minecraft:egg":2,"minecraft:iron_ingot":54,"minecraft:wheat_seeds":19,"minecraft:clock":1,"minecraft:mossy_cobblestone":3,"minecraft:dripstone_block":6,"minecraft:diamond_leggings":1,"minecraft:iron_helmet":1,"minecraft:feather":13,"minecraft:cobblestone":310,"minecraft:amethyst_block":8,"minecraft:apple":6,"minecraft:granite":1,"minecraft:coal":64,"minecraft:stick":12,"minecraft:oxeye_daisy":1,"minecraft:diamond_helmet":1,"minecraft:iron_leggings":1,"minecraft:oak_stairs":1,"minecraft:iron_axe":1,"minecraft:string":9,"minecraft:pink_petals":10,"minecraft:smooth_basalt":1,"minecraft:redstone":36,"minecraft:furnace":1,"minecraft:raw_copper":12,"minecraft:tuff":249,"minecraft:chicken":7,"minecraft:iron_boots":1,"minecraft:name_tag":2,"minecraft:diamond_chestplate":1,"minecraft:iron_chestplate":1,"minecraft:andesite":16,"minecraft:oak_boat":2,"minecraft:oak_sapling":1,"minecraft:diamond_boots":1,"minecraft:slime_ball":10,"minecraft:stone_pickaxe":2,"minecraft:calcite":5},"minecraft:custom":{"minecraft:animals_bred":4,"minecraft:interact_with_crafting_table":86,"minecraft:open_barrel":2,"minecraft:bell_ring":89,"minecraft:leave_game":17,"minecraft:time_since_death":743165,"minecraft:sprint_one_cm":984223,"minecraft:damage_blocked_by_shield":5753,"minecraft:drop":381,"minecraft:talked_to_villager":16,"minecraft:play_time":743165,"minecraft:jump":7656,"minecraft:walk_on_water_one_cm":97506,"minecraft:interact_with_furnace":68,"minecraft:sleep_in_bed":21,"minecraft:damage_dealt":23831,"minecraft:player_kills":1,"minecraft:crouch_one_cm":69962,"minecraft:interact_with_smoker":25,"minecraft:inspect_dispenser":1,"minecraft:horse_one_cm":4136,"minecraft:mob_kills":169,"minecraft:climb_one_cm":814,"minecraft:walk_one_cm":2011942,"minecraft:sneak_time":32658,"minecraft:walk_under_water_one_cm":61768,"minecraft:boat_one_cm":253495,"minecraft:interact_with_blast_furnace":24,"minecraft:total_world_time":743165,"minecraft:time_since_rest":1751,"minecraft:damage_taken":4751,"minecraft:swim_one_cm":226250,"minecraft:fly_one_cm":991086,"minecraft:open_chest":147,"minecraft:fall_one_cm":176140},"minecraft:killed":{"minecraft:cave_spider":7,"minecraft:spider":7,"minecraft:skeleton":28,"minecraft:chicken":6,"minecraft:wolf":2,"minecraft:pig":8,"minecraft:zombie_villager":1,"minecraft:salmon":28,"minecraft:creeper":4,"minecraft:sheep":16,"minecraft:zombie":40,"minecraft:glow_squid":1,"minecraft:cow":7,"minecraft:slime":5,"minecraft:drowned":2,"minecraft:enderman":3},"minecraft:picked_up":{"minecraft:wheat":64,"minecraft:oak_stairs":25,"minecraft:enchanted_book":2,"minecraft:amethyst_block":187,"minecraft:string":16,"minecraft:raw_copper":53,"minecraft:beetroot":1,"minecraft:cobbled_deepslate":1477,"minecraft:white_tulip":18,"minecraft:rose_bush":7,"minecraft:calcite":351,"minecraft:furnace":8,"minecraft:stick":33,"minecraft:big_dripleaf":6,"minecraft:oak_fence":7,"minecraft:torch":25,"minecraft:porkchop":35,"minecraft:cherry_log":93,"minecraft:pointed_dripstone":31,"minecraft:cauldron":7,"minecraft:rotten_flesh":46,"minecraft:red_tulip":2,"minecraft:obsidian":13,"minecraft:snowball":128,"minecraft:cobblestone":918,"minecraft:birch_log":2,"minecraft:pink_petals":36,"minecraft:leather_chestplate":2,"minecraft:feather":13,"minecraft:andesite":32,"minecraft:smoker":5,"minecraft:potato":379,"minecraft:flint":18,"minecraft:tuff":273,"minecraft:cherry_fence":2,"minecraft:lapis_lazuli":125,"minecraft:dirt":1361,"minecraft:name_tag":5,"minecraft:bone":74,"minecraft:wheat_seeds":95,"minecraft:raw_gold":103,"minecraft:oak_planks":101,"minecraft:cooked_porkchop":11,"minecraft:poisonous_potato":2,"minecraft:sand":15,"minecraft:grass_block":1,"minecraft:mossy_cobblestone":7,"minecraft:diamond":213,"minecraft:granite":60,"minecraft:bone_meal":1,"minecraft:emerald":6,"minecraft:oak_sapling":10,"minecraft:crafting_table":38,"minecraft:azure_bluet":3,"minecraft:chicken":27,"minecraft:gold_block":2,"minecraft:cornflower":2,"minecraft:flint_and_steel":1,"minecraft:iron_shovel":1,"minecraft:blue_orchid":21,"minecraft:beef":7,"minecraft:oak_boat":6,"minecraft:poppy":2,"minecraft:lectern":10,"minecraft:light_gray_wool":2,"minecraft:sugar_cane":181,"minecraft:chest":7,"minecraft:egg":13,"minecraft:raw_iron":346,"minecraft:oak_door":3,"minecraft:carrot":180,"minecraft:redstone":75,"minecraft:arrow":48,"minecraft:beetroot_seeds":4,"minecraft:hay_block":35,"minecraft:pink_tulip":121,"minecraft:glow_berries":17,"minecraft:mutton":52,"minecraft:white_wool":13,"minecraft:rail":291,"minecraft:oxeye_daisy":2,"minecraft:glow_ink_sac":4,"minecraft:salmon":37,"minecraft:leather":2,"minecraft:red_mushroom":6,"minecraft:oak_log":292,"minecraft:lily_pad":78,"minecraft:gunpowder":10,"minecraft:cobblestone_wall":1,"minecraft:cobblestone_stairs":2,"minecraft:cooked_mutton":4,"minecraft:apple":11,"minecraft:rabbit_hide":1,"minecraft:iron_ingot":184,"minecraft:stone_pickaxe":1,"minecraft:pink_bed":6,"minecraft:oak_slab":12,"minecraft:smooth_basalt":12,"minecraft:pumpkin":18,"minecraft:dandelion":8,"minecraft:dripstone_block":10,"minecraft:gravel":95,"minecraft:amethyst_shard":100,"minecraft:blast_furnace":2,"minecraft:white_bed":2,"minecraft:spider_eye":3,"minecraft:slime_ball":10,"minecraft:cherry_sapling":55,"minecraft:baked_potato":1,"minecraft:coal":676},"minecraft:used":{"minecraft:cherry_sapling":55,"minecraft:iron_shovel":1034,"minecraft:chest":9,"minecraft:shield":82,"minecraft:rotten_flesh":10,"minecraft:iron_chestplate":1,"minecraft:carrot":59,"minecraft:tuff":24,"minecraft:snowball":1,"minecraft:grass_block":1,"minecraft:iron_helmet":1,"minecraft:hay_block":1,"minecraft:oak_sapling":1,"minecraft:furnace":8,"minecraft:beetroot_seeds":4,"minecraft:egg":5,"minecraft:potato":132,"minecraft:diamond_boots":1,"minecraft:oak_planks":39,"minecraft:wooden_pickaxe":19,"minecraft:sugar_cane":31,"minecraft:diamond_axe":616,"minecraft:white_wool":4,"minecraft:glow_berries":11,"minecraft:sand":15,"minecraft:blast_furnace":4,"minecraft:bread":53,"minecraft:lectern":12,"minecraft:gravel":1,"minecraft:andesite":16,"minecraft:oak_boat":4,"minecraft:bone_meal":7,"minecraft:oak_fence":6,"minecraft:rose_bush":4,"minecraft:flint_and_steel":73,"minecraft:oak_door":5,"minecraft:torch":378,"minecraft:dirt":149,"minecraft:white_carpet":3,"minecraft:cobblestone_wall":1,"minecraft:granite":27,"minecraft:iron_axe":82,"minecraft:oak_stairs":43,"minecraft:iron_boots":1,"minecraft:smooth_basalt":11,"minecraft:light_gray_wool":2,"minecraft:beef":1,"minecraft:cobbled_deepslate":255,"minecraft:cherry_fence":29,"minecraft:cherry_log":4,"minecraft:pointed_dripstone":5,"minecraft:calcite":25,"minecraft:cooked_mutton":4,"minecraft:water_bucket":32,"minecraft:cobblestone_stairs":3,"minecraft:baked_potato":18,"minecraft:cauldron":5,"minecraft:mossy_cobblestone":1,"minecraft:rail":6,"minecraft:oak_slab":18,"minecraft:crafting_table":32,"minecraft:smoker":5,"minecraft:oak_log":11,"minecraft:diamond_pickaxe":2773,"minecraft:diamond_shovel":423,"minecraft:iron_pickaxe":1953,"minecraft:stone_axe":104,"minecraft:pink_bed":7,"minecraft:fishing_rod":16,"minecraft:cobblestone":327,"minecraft:porkchop":6,"minecraft:cooked_porkchop":16,"minecraft:bucket":33}},"DataVersion":3953}