{"stats":{"minecraft:broken":{"minecraft:iron_shovel":4,"minecraft:diamond_pickaxe":1,"minecraft:stone_axe":1,"minecraft:fishing_rod":1,"minecraft:stone_shovel":8,"minecraft:flint_and_steel":1,"minecraft:shield":3,"minecraft:iron_pickaxe":7},"minecraft:mined":{"minecraft:white_bed":2,"minecraft:oak_sapling":1,"minecraft:pink_bed":6,"minecraft:cherry_log":93,"minecraft:cobblestone_stairs":2,"minecraft:brewing_stand":1,"minecraft:obsidian":20,"minecraft:cave_vines_plant":1,"minecraft:granite":67,"minecraft:budding_amethyst":6,"minecraft:grass_block":1567,"minecraft:purpur_slab":5,"minecraft:oak_wall_sign":1,"minecraft:oxeye_daisy":1,"minecraft:tuff_bricks":10,"minecraft:spawner":3,"minecraft:chorus_flower":3,"minecraft:tall_seagrass":3,"minecraft:iron_ore":161,"minecraft:barrel":4,"minecraft:fire":16,"minecraft:cobbled_deepslate":73,"minecraft:pumpkin":6,"minecraft:deepslate_lapis_ore":6,"minecraft:azure_bluet":1,"minecraft:sculk_shrieker":1,"minecraft:red_tulip":2,"minecraft:pointed_dripstone":16,"minecraft:cave_vines":3,"minecraft:oak_sign":2,"minecraft:water_cauldron":3,"minecraft:dirt_path":16,"minecraft:oak_stairs":25,"minecraft:pink_tulip":31,"minecraft:end_stone_bricks":10,"minecraft:blue_orchid":7,"minecraft:tripwire":14,"minecraft:deepslate_redstone_ore":7,"minecraft:smoker":4,"minecraft:piglin_head":1,"minecraft:amethyst_cluster":14,"minecraft:purpur_stairs":1,"minecraft:powder_snow":19,"minecraft:clay":5,"minecraft:torch":13,"minecraft:blast_furnace":3,"minecraft:calcite":228,"minecraft:chest":13,"minecraft:nether_quartz_ore":6,"minecraft:cobblestone":149,"minecraft:oak_planks":26,"minecraft:sugar_cane":134,"minecraft:wall_torch":8,"minecraft:amethyst_block":70,"minecraft:cauldron":4,"minecraft:pink_petals":3,"minecraft:seagrass":7,"minecraft:cherry_fence":2,"minecraft:powered_rail":10,"minecraft:nether_wart_block":6,"minecraft:wheat":30,"minecraft:purpur_block":23,"minecraft:stone_brick_stairs":1,"minecraft:oak_log":104,"minecraft:beetroots":1,"minecraft:sand":18,"minecraft:dirt":1038,"minecraft:smooth_basalt":27,"minecraft:red_mushroom_block":4,"minecraft:netherrack":525,"minecraft:deepslate":2248,"minecraft:oak_leaves":42,"minecraft:nether_gold_ore":21,"minecraft:diamond_ore":3,"minecraft:tuff":468,"minecraft:mossy_cobblestone":4,"minecraft:deepslate_diamond_ore":122,"minecraft:oak_door":3,"minecraft:cherry_sapling":2,"minecraft:end_stone":1048,"minecraft:nether_bricks":12,"minecraft:spruce_leaves":18,"minecraft:moss_block":9,"minecraft:hay_block":39,"minecraft:waxed_oxidized_cut_copper":1,"minecraft:furnace":8,"minecraft:carrots":59,"minecraft:andesite":64,"minecraft:gold_block":2,"minecraft:bookshelf":15,"minecraft:potatoes":168,"minecraft:cobblestone_slab":1,"minecraft:deepslate_iron_ore":122,"minecraft:rail":142,"minecraft:chorus_plant":2,"minecraft:white_tulip":4,"minecraft:stone":1079,"minecraft:smithing_table":1,"minecraft:oak_slab":11,"minecraft:glass_pane":2,"minecraft:magenta_stained_glass":1,"minecraft:snow_block":35,"minecraft:dandelion":2,"minecraft:oak_fence":7,"minecraft:crafting_table":32,"minecraft:short_grass":101,"minecraft:emerald_ore":2,"minecraft:rose_bush":4,"minecraft:sculk_sensor":10,"minecraft:lectern":403,"minecraft:copper_ore":17,"minecraft:purpur_pillar":22,"minecraft:tall_grass":22,"minecraft:lapis_ore":4,"minecraft:deepslate_gold_ore":43,"minecraft:lily_pad":26,"minecraft:sculk":10,"minecraft:diorite":25,"minecraft:cobblestone_wall":22,"minecraft:redstone_torch":1,"minecraft:yellow_bed":1,"minecraft:coal_ore":216,"minecraft:end_rod":2,"minecraft:cherry_leaves":84,"minecraft:gravel":136,"minecraft:dripstone_block":5,"minecraft:gold_ore":10},"minecraft:killed_by":{"minecraft:zombified_piglin":2,"minecraft:player":1,"minecraft:enderman":1,"minecraft:ender_dragon":1,"minecraft:shulker":2,"minecraft:skeleton":2},"minecraft:custom":{"minecraft:animals_bred":4,"minecraft:interact_with_crafting_table":118,"minecraft:open_barrel":8,"minecraft:bell_ring":97,"minecraft:eat_cake_slice":2,"minecraft:leave_game":33,"minecraft:time_since_death":5676,"minecraft:sprint_one_cm":2595528,"minecraft:damage_blocked_by_shield":8697,"minecraft:drop":725,"minecraft:talked_to_villager":612,"minecraft:play_time":1531966,"minecraft:deaths":13,"minecraft:jump":18792,"minecraft:walk_on_water_one_cm":141286,"minecraft:interact_with_furnace":74,"minecraft:traded_with_villager":721,"minecraft:sleep_in_bed":51,"minecraft:damage_dealt":45716,"minecraft:player_kills":1,"minecraft:crouch_one_cm":160877,"minecraft:interact_with_smoker":28,"minecraft:inspect_dispenser":13,"minecraft:horse_one_cm":17001,"minecraft:interact_with_anvil":14,"minecraft:mob_kills":271,"minecraft:inspect_hopper":2,"minecraft:climb_one_cm":52335,"minecraft:walk_one_cm":4044060,"minecraft:sneak_time":61467,"minecraft:walk_under_water_one_cm":99998,"minecraft:boat_one_cm":402239,"minecraft:interact_with_blast_furnace":33,"minecraft:total_world_time":1531966,"minecraft:time_since_rest":5699,"minecraft:damage_taken":15041,"minecraft:swim_one_cm":328269,"minecraft:fly_one_cm":3309522,"minecraft:open_chest":529,"minecraft:fall_one_cm":470813},"minecraft:used":{"minecraft:tuff_bricks":2,"minecraft:cherry_sapling":55,"minecraft:iron_shovel":1034,"minecraft:oak_sign":3,"minecraft:shield":133,"minecraft:chest":19,"minecraft:bell":5,"minecraft:rotten_flesh":10,"minecraft:iron_chestplate":2,"minecraft:carrot":65,"minecraft:tuff":63,"minecraft:axolotl_bucket":4,"minecraft:snowball":1,"minecraft:obsidian":13,"minecraft:grass_block":1,"minecraft:iron_helmet":1,"minecraft:hay_block":3,"minecraft:oak_sapling":1,"minecraft:furnace":8,"minecraft:beetroot_seeds":4,"minecraft:egg":5,"minecraft:potato":196,"minecraft:diorite":3,"minecraft:diamond_boots":3,"minecraft:end_stone_bricks":9,"minecraft:oak_planks":78,"minecraft:powered_rail":4,"minecraft:chorus_fruit":5,"minecraft:ender_pearl":2,"minecraft:wooden_pickaxe":19,"minecraft:sugar_cane":36,"minecraft:composter":1,"minecraft:diamond_axe":1123,"minecraft:purpur_pillar":20,"minecraft:white_wool":4,"minecraft:glow_berries":11,"minecraft:purpur_stairs":1,"minecraft:sand":15,"minecraft:blast_furnace":4,"minecraft:crossbow":12,"minecraft:dripstone_block":1,"minecraft:end_stone":132,"minecraft:redstone_torch":2,"minecraft:string":27,"minecraft:bread":65,"minecraft:lectern":410,"minecraft:gravel":24,"minecraft:diamond_sword":324,"minecraft:smithing_table":1,"minecraft:andesite":29,"minecraft:experience_bottle":12,"minecraft:oak_boat":4,"minecraft:bone_meal":7,"minecraft:oak_fence":6,"minecraft:purpur_block":22,"minecraft:rose_bush":4,"minecraft:enchanting_table":1,"minecraft:flint_and_steel":74,"minecraft:stone_shovel":1163,"minecraft:netherrack":262,"minecraft:oak_door":5,"minecraft:dirt":1419,"minecraft:torch":399,"minecraft:brewing_stand":1,"minecraft:spyglass":29,"minecraft:white_carpet":3,"minecraft:cobblestone_wall":21,"minecraft:diamond_helmet":4,"minecraft:granite":27,"minecraft:bookshelf":37,"minecraft:iron_axe":82,"minecraft:oak_stairs":43,"minecraft:iron_boots":1,"minecraft:barrel":4,"minecraft:tadpole_bucket":1,"minecraft:diamond_chestplate":4,"minecraft:smooth_basalt":11,"minecraft:light_gray_wool":2,"minecraft:golden_carrot":56,"minecraft:beef":1,"minecraft:minecart":1,"minecraft:cherry_fence":29,"minecraft:cobbled_deepslate":572,"minecraft:pointed_dripstone":5,"minecraft:cherry_log":4,"minecraft:calcite":25,"minecraft:cooked_mutton":4,"minecraft:water_bucket":34,"minecraft:cobblestone_stairs":3,"minecraft:baked_potato":99,"minecraft:cauldron":5,"minecraft:cobblestone_slab":1,"minecraft:mossy_cobblestone":1,"minecraft:rail":82,"minecraft:crafting_table":37,"minecraft:oak_slab":19,"minecraft:piglin_head":1,"minecraft:cake":12,"minecraft:smoker":5,"minecraft:oak_log":11,"minecraft:ender_eye":1,"minecraft:diamond_pickaxe":5396,"minecraft:diamond_shovel":427,"minecraft:oak_button":2,"minecraft:iron_pickaxe":1953,"minecraft:purpur_slab":1,"minecraft:stone_axe":105,"minecraft:pink_bed":7,"minecraft:fishing_rod":16,"minecraft:cobblestone":509,"minecraft:potion":1,"minecraft:porkchop":6,"minecraft:cooked_porkchop":16,"minecraft:bucket":40,"minecraft:glass_pane":3,"minecraft:brush":30,"minecraft:diamond_leggings":3},"minecraft:dropped":{"minecraft:cooked_beef":3,"minecraft:oak_log":142,"minecraft:baked_potato":2,"minecraft:diamond":179,"minecraft:crafting_table":6,"minecraft:glow_berries":3,"minecraft:leather":2,"minecraft:rail":50,"minecraft:flint":7,"minecraft:emerald":347,"minecraft:gold_block":2,"minecraft:cornflower":2,"minecraft:snowball":127,"minecraft:gold_nugget":3,"minecraft:amethyst_shard":44,"minecraft:axolotl_bucket":1,"minecraft:iron_pickaxe":4,"minecraft:white_wool":7,"minecraft:bone":34,"minecraft:oak_door":2,"minecraft:gravel":94,"minecraft:stone_axe":1,"minecraft:sugar_cane":14,"minecraft:cobbled_deepslate":1284,"minecraft:obsidian":13,"minecraft:pointed_dripstone":12,"minecraft:rotten_flesh":73,"minecraft:oak_planks":14,"minecraft:diamond_shovel":2,"minecraft:end_stone":896,"minecraft:azure_bluet":1,"minecraft:white_bed":1,"minecraft:salmon":6,"minecraft:carrot":24,"minecraft:eye_armor_trim_smithing_template":1,"minecraft:gunpowder":7,"minecraft:arrow":21,"minecraft:powered_rail":4,"minecraft:lectern":12,"minecraft:egg":2,"minecraft:enchanted_book":1,"minecraft:iron_ingot":107,"minecraft:wheat_seeds":19,"minecraft:clock":1,"minecraft:mossy_cobblestone":3,"minecraft:minecart":2,"minecraft:dripstone_block":6,"minecraft:diamond_leggings":1,"minecraft:iron_helmet":1,"minecraft:feather":13,"minecraft:cobblestone":370,"minecraft:apple":6,"minecraft:amethyst_block":8,"minecraft:granite":1,"minecraft:coal":64,"minecraft:stick":13,"minecraft:oxeye_daisy":1,"minecraft:golden_carrot":65,"minecraft:torch":87,"minecraft:diamond_helmet":2,"minecraft:iron_leggings":1,"minecraft:oak_stairs":1,"minecraft:iron_axe":1,"minecraft:string":141,"minecraft:pink_petals":10,"minecraft:redstone":36,"minecraft:smooth_basalt":1,"minecraft:furnace":1,"minecraft:raw_copper":12,"minecraft:tuff":249,"minecraft:raw_iron":165,"minecraft:chicken":7,"minecraft:clay_ball":4,"minecraft:iron_boots":1,"minecraft:name_tag":2,"minecraft:diamond_sword":2,"minecraft:diamond_chestplate":2,"minecraft:diamond_pickaxe":3,"minecraft:iron_chestplate":1,"minecraft:andesite":16,"minecraft:oak_boat":3,"minecraft:oak_sapling":1,"minecraft:diamond_boots":2,"minecraft:slime_ball":10,"minecraft:stone_pickaxe":2,"minecraft:raw_gold":27,"minecraft:calcite":5},"minecraft:crafted":{"minecraft:smooth_stone":3,"minecraft:oak_planks":588,"minecraft:oak_sign":3,"minecraft:pink_bed":1,"minecraft:stone":6,"minecraft:cobblestone_stairs":4,"minecraft:diamond_shovel":1,"minecraft:bookshelf":42,"minecraft:cake":12,"minecraft:diamond_helmet":2,"minecraft:diamond_leggings":2,"minecraft:iron_boots":1,"minecraft:chest":7,"minecraft:cherry_fence":27,"minecraft:smoker":1,"minecraft:oak_slab":42,"minecraft:emerald":553,"minecraft:cooked_porkchop":5,"minecraft:diamond_axe":2,"minecraft:crafting_table":8,"minecraft:iron_helmet":1,"minecraft:wooden_pickaxe":1,"minecraft:baked_potato":136,"minecraft:smithing_table":1,"minecraft:birch_planks":8,"minecraft:lectern":5,"minecraft:iron_chestplate":1,"minecraft:book":11,"minecraft:paper":114,"minecraft:diamond_pickaxe":3,"minecraft:shield":4,"minecraft:stick":166,"minecraft:iron_ingot":170,"minecraft:iron_pickaxe":11,"minecraft:gold_ingot":16,"minecraft:composter":1,"minecraft:shears":1,"minecraft:golden_carrot":36,"minecraft:cherry_planks":100,"minecraft:oak_door":6,"minecraft:cookie":216,"minecraft:stone_shovel":20,"minecraft:fishing_rod":1,"minecraft:experience_bottle":12,"minecraft:furnace":3,"minecraft:blast_furnace":1,"minecraft:bone_meal":6,"minecraft:pink_dye":1,"minecraft:white_carpet":3,"minecraft:flint_and_steel":3,"minecraft:iron_axe":1,"minecraft:stone_pickaxe":1,"minecraft:cobblestone_wall":6,"minecraft:diamond_boots":2,"minecraft:minecart":2,"minecraft:wheat":198,"minecraft:cooked_beef":3,"minecraft:diamond_sword":2,"minecraft:enchanting_table":1,"minecraft:bell":6,"minecraft:bucket":1,"minecraft:stone_axe":25,"minecraft:amethyst_block":3,"minecraft:enchanted_book":14,"minecraft:bread":145,"minecraft:air":0,"minecraft:blue_dye":1,"minecraft:oak_boat":2,"minecraft:oak_stairs":20,"minecraft:iron_shovel":4,"minecraft:iron_leggings":1,"minecraft:stonecutter":1,"minecraft:pumpkin_pie":48,"minecraft:torch":504,"minecraft:diamond_chestplate":2},"minecraft:picked_up":{"minecraft:shulker_shell":12,"minecraft:iron_chestplate":4,"minecraft:wheat":64,"minecraft:creeper_head":4,"minecraft:sentry_armor_trim_smithing_template":2,"minecraft:smithing_table":1,"minecraft:diamond_sword":11,"minecraft:oak_stairs":26,"minecraft:potion":1,"minecraft:enchanted_book":18,"minecraft:brewing_stand":1,"minecraft:amethyst_block":187,"minecraft:string":1971,"minecraft:raw_copper":89,"minecraft:experience_bottle":1,"minecraft:oak_sign":6,"minecraft:beetroot":1,"minecraft:diamond_leggings":13,"minecraft:gold_nugget":148,"minecraft:cobbled_deepslate":1718,"minecraft:bucket":2,"minecraft:eye_armor_trim_smithing_template":1,"minecraft:white_tulip":18,"minecraft:rose_bush":10,"minecraft:redstone_torch":2,"minecraft:cobblestone_slab":1,"minecraft:ender_eye":9,"minecraft:calcite":351,"minecraft:azalea":1,"minecraft:furnace":8,"minecraft:stick":78,"minecraft:big_dripleaf":6,"minecraft:oak_fence":7,"minecraft:torch":72,"minecraft:purpur_pillar":20,"minecraft:porkchop":48,"minecraft:cherry_log":93,"minecraft:pointed_dripstone":41,"minecraft:diorite":28,"minecraft:cauldron":7,"minecraft:sniffer_egg":4,"minecraft:rotten_flesh":214,"minecraft:tropical_fish":3,"minecraft:red_tulip":2,"minecraft:chorus_flower":3,"minecraft:end_rod":2,"minecraft:tadpole_bucket":3,"minecraft:blaze_rod":15,"minecraft:obsidian":33,"minecraft:iron_bars":40,"minecraft:cod":4,"minecraft:snowball":128,"minecraft:cobblestone":1406,"minecraft:birch_log":2,"minecraft:pink_petals":36,"minecraft:leather_chestplate":2,"minecraft:feather":14,"minecraft:cooked_beef":64,"minecraft:magma_cream":3,"minecraft:cherry_planks":13,"minecraft:iron_door":4,"minecraft:water_bucket":3,"minecraft:andesite":50,"minecraft:smoker":5,"minecraft:potato":949,"minecraft:flint":37,"minecraft:tuff":312,"minecraft:cherry_fence":2,"minecraft:lapis_lazuli":125,"minecraft:dirt":2902,"minecraft:name_tag":5,"minecraft:bone":125,"minecraft:bow":2,"minecraft:wheat_seeds":110,"minecraft:raw_gold":201,"minecraft:bell":2,"minecraft:diamond_helmet":12,"minecraft:powered_rail":29,"minecraft:moss_block":13,"minecraft:oak_planks":296,"minecraft:cooked_porkchop":11,"minecraft:axolotl_bucket":7,"minecraft:poisonous_potato":2,"minecraft:sand":15,"minecraft:grass_block":1,"minecraft:barrel":38,"minecraft:mossy_cobblestone":7,"minecraft:diamond":407,"minecraft:crossbow":2,"minecraft:granite":60,"minecraft:bone_meal":1,"minecraft:golden_apple":5,"minecraft:emerald":98,"minecraft:bread":52,"minecraft:oak_sapling":11,"minecraft:netherrack":501,"minecraft:chorus_fruit":34,"minecraft:diamond_pickaxe":14,"minecraft:end_stone_bricks":13,"minecraft:crafting_table":40,"minecraft:azure_bluet":3,"minecraft:ominous_bottle":4,"minecraft:chicken":28,"minecraft:clay_ball":96,"minecraft:gold_block":2,"minecraft:diamond_horse_armor":2,"minecraft:dragon_head":3,"minecraft:purpur_block":25,"minecraft:shield":5,"minecraft:cornflower":2,"minecraft:elytra":4,"minecraft:moss_carpet":7,"minecraft:flint_and_steel":3,"minecraft:iron_shovel":1,"minecraft:blackstone":66,"minecraft:blue_orchid":21,"minecraft:beef":15,"minecraft:oak_boat":9,"minecraft:poppy":2,"minecraft:light_gray_wool":2,"minecraft:lectern":420,"minecraft:minecart":6,"minecraft:sugar_cane":444,"minecraft:chest":14,"minecraft:egg":13,"minecraft:raw_iron":765,"minecraft:end_stone":1064,"minecraft:oak_door":3,"minecraft:fire_charge":1,"minecraft:carrot":275,"minecraft:redstone":75,"minecraft:arrow":176,"minecraft:stone_shovel":1,"minecraft:diamond_chestplate":8,"minecraft:beetroot_seeds":4,"minecraft:nether_bricks":13,"minecraft:diamond_boots":5,"minecraft:purpur_slab":14,"minecraft:hay_block":47,"minecraft:pink_tulip":121,"minecraft:gold_ingot":27,"minecraft:tuff_bricks":2,"minecraft:glow_berries":30,"minecraft:mutton":52,"minecraft:white_wool":13,"minecraft:rail":496,"minecraft:oxeye_daisy":2,"minecraft:golden_carrot":502,"minecraft:glow_ink_sac":4,"minecraft:salmon":39,"minecraft:leather":13,"minecraft:red_mushroom":6,"minecraft:purpur_stairs":1,"minecraft:oak_log":749,"minecraft:lily_pad":78,"minecraft:cobblestone_wall":27,"minecraft:golden_boots":3,"minecraft:yellow_bed":1,"minecraft:nether_wart_block":6,"minecraft:gunpowder":18,"minecraft:cobblestone_stairs":2,"minecraft:white_banner":2,"minecraft:piglin_head":4,"minecraft:cooked_mutton":4,"minecraft:apple":11,"minecraft:rabbit_hide":1,"minecraft:iron_ingot":360,"minecraft:stone_pickaxe":1,"minecraft:glass_bottle":2,"minecraft:book":60,"minecraft:oak_slab":17,"minecraft:pink_bed":6,"minecraft:smooth_basalt":12,"minecraft:pumpkin":18,"minecraft:brush":5,"minecraft:quartz":8,"minecraft:dandelion":8,"minecraft:spyglass":5,"minecraft:dripstone_block":12,"minecraft:gravel":118,"minecraft:amethyst_shard":100,"minecraft:blast_furnace":2,"minecraft:white_bed":3,"minecraft:crying_obsidian":3,"minecraft:spider_eye":13,"minecraft:diamond_shovel":5,"minecraft:slime_ball":10,"minecraft:rib_armor_trim_smithing_template":1,"minecraft:diamond_axe":5,"minecraft:cherry_sapling":55,"minecraft:oak_button":2,"minecraft:baked_potato":464,"minecraft:coal":1086,"minecraft:ender_pearl":6},"minecraft:killed":{"minecraft:cave_spider":7,"minecraft:zombified_piglin":3,"minecraft:spider":15,"minecraft:cod":4,"minecraft:shulker":8,"minecraft:skeleton":45,"minecraft:chicken":6,"minecraft:skeleton_horse":1,"minecraft:magma_cube":5,"minecraft:wolf":2,"minecraft:piglin":1,"minecraft:pig":8,"minecraft:zombie_villager":1,"minecraft:salmon":28,"minecraft:ender_dragon":1,"minecraft:creeper":7,"minecraft:sheep":16,"minecraft:pillager":11,"minecraft:zombie":59,"minecraft:glow_squid":1,"minecraft:cow":7,"minecraft:blaze":10,"minecraft:slime":5,"minecraft:drowned":2,"minecraft:hoglin":3,"minecraft:wither_skeleton":1,"minecraft:villager":3,"minecraft:enderman":5}},"DataVersion":3953}