{"stats":{"minecraft:broken":{"minecraft:iron_shovel":4,"minecraft:diamond_pickaxe":1,"minecraft:stone_axe":1,"minecraft:fishing_rod":1,"minecraft:flint_and_steel":1,"minecraft:shield":2,"minecraft:iron_pickaxe":7},"minecraft:mined":{"minecraft:white_bed":1,"minecraft:oak_sapling":1,"minecraft:pink_bed":6,"minecraft:cherry_log":93,"minecraft:cobblestone_stairs":2,"minecraft:obsidian":16,"minecraft:granite":63,"minecraft:budding_amethyst":6,"minecraft:grass_block":1146,"minecraft:oxeye_daisy":1,"minecraft:tuff_bricks":8,"minecraft:tall_seagrass":3,"minecraft:cobbled_deepslate":54,"minecraft:iron_ore":118,"minecraft:fire":7,"minecraft:barrel":1,"minecraft:pumpkin":6,"minecraft:deepslate_lapis_ore":6,"minecraft:azure_bluet":1,"minecraft:red_tulip":2,"minecraft:pointed_dripstone":13,"minecraft:cave_vines":1,"minecraft:water_cauldron":3,"minecraft:dirt_path":16,"minecraft:oak_stairs":24,"minecraft:pink_tulip":31,"minecraft:blue_orchid":7,"minecraft:tripwire":4,"minecraft:deepslate_redstone_ore":7,"minecraft:smoker":4,"minecraft:amethyst_cluster":14,"minecraft:powder_snow":1,"minecraft:torch":12,"minecraft:blast_furnace":3,"minecraft:calcite":228,"minecraft:chest":7,"minecraft:nether_quartz_ore":6,"minecraft:cobblestone":111,"minecraft:sugar_cane":101,"minecraft:oak_planks":25,"minecraft:wall_torch":7,"minecraft:amethyst_block":70,"minecraft:cauldron":4,"minecraft:pink_petals":3,"minecraft:seagrass":7,"minecraft:cherry_fence":2,"minecraft:wheat":30,"minecraft:stone_brick_stairs":1,"minecraft:oak_log":100,"minecraft:beetroots":1,"minecraft:sand":18,"minecraft:dirt":261,"minecraft:smooth_basalt":27,"minecraft:red_mushroom_block":4,"minecraft:netherrack":224,"minecraft:oak_leaves":39,"minecraft:deepslate":2086,"minecraft:diamond_ore":3,"minecraft:tuff":432,"minecraft:mossy_cobblestone":4,"minecraft:deepslate_diamond_ore":92,"minecraft:oak_door":3,"minecraft:cherry_sapling":2,"minecraft:hay_block":35,"minecraft:waxed_oxidized_cut_copper":1,"minecraft:furnace":8,"minecraft:carrots":57,"minecraft:andesite":46,"minecraft:gold_block":2,"minecraft:potatoes":168,"minecraft:deepslate_iron_ore":63,"minecraft:cobblestone_slab":1,"minecraft:rail":123,"minecraft:stone":820,"minecraft:white_tulip":4,"minecraft:oak_slab":11,"minecraft:glass_pane":2,"minecraft:snow_block":35,"minecraft:dandelion":2,"minecraft:oak_fence":7,"minecraft:crafting_table":31,"minecraft:short_grass":80,"minecraft:emerald_ore":2,"minecraft:rose_bush":4,"minecraft:lectern":53,"minecraft:tall_grass":20,"minecraft:copper_ore":12,"minecraft:lapis_ore":4,"minecraft:deepslate_gold_ore":41,"minecraft:lily_pad":26,"minecraft:cobblestone_wall":3,"minecraft:coal_ore":160,"minecraft:cherry_leaves":84,"minecraft:gravel":124,"minecraft:dripstone_block":4,"minecraft:gold_ore":1},"minecraft:killed_by":{"minecraft:zombified_piglin":2},"minecraft:custom":{"minecraft:animals_bred":4,"minecraft:interact_with_crafting_table":89,"minecraft:open_barrel":4,"minecraft:bell_ring":89,"minecraft:leave_game":21,"minecraft:time_since_death":26462,"minecraft:sprint_one_cm":1136567,"minecraft:damage_blocked_by_shield":6443,"minecraft:drop":404,"minecraft:talked_to_villager":130,"minecraft:play_time":864802,"minecraft:deaths":3,"minecraft:jump":8876,"minecraft:walk_on_water_one_cm":98008,"minecraft:interact_with_furnace":68,"minecraft:traded_with_villager":262,"minecraft:sleep_in_bed":29,"minecraft:damage_dealt":25415,"minecraft:player_kills":1,"minecraft:crouch_one_cm":89547,"minecraft:interact_with_smoker":27,"minecraft:inspect_dispenser":6,"minecraft:horse_one_cm":4136,"minecraft:mob_kills":176,"minecraft:climb_one_cm":814,"minecraft:walk_one_cm":2219478,"minecraft:sneak_time":40211,"minecraft:walk_under_water_one_cm":62219,"minecraft:boat_one_cm":253495,"minecraft:interact_with_blast_furnace":24,"minecraft:total_world_time":864802,"minecraft:time_since_rest":6172,"minecraft:damage_taken":6022,"minecraft:swim_one_cm":234796,"minecraft:fly_one_cm":1229617,"minecraft:open_chest":186,"minecraft:fall_one_cm":201951},"minecraft:used":{"minecraft:cherry_sapling":55,"minecraft:iron_shovel":1034,"minecraft:chest":9,"minecraft:shield":99,"minecraft:rotten_flesh":10,"minecraft:iron_chestplate":1,"minecraft:carrot":65,"minecraft:tuff":24,"minecraft:snowball":1,"minecraft:obsidian":13,"minecraft:grass_block":1,"minecraft:iron_helmet":1,"minecraft:hay_block":1,"minecraft:oak_sapling":1,"minecraft:furnace":8,"minecraft:beetroot_seeds":4,"minecraft:egg":5,"minecraft:potato":196,"minecraft:diamond_boots":1,"minecraft:oak_planks":78,"minecraft:wooden_pickaxe":19,"minecraft:sugar_cane":32,"minecraft:diamond_axe":689,"minecraft:white_wool":4,"minecraft:glow_berries":11,"minecraft:sand":15,"minecraft:blast_furnace":4,"minecraft:string":4,"minecraft:bread":53,"minecraft:lectern":58,"minecraft:gravel":1,"minecraft:andesite":16,"minecraft:oak_boat":4,"minecraft:bone_meal":7,"minecraft:oak_fence":6,"minecraft:rose_bush":4,"minecraft:flint_and_steel":74,"minecraft:netherrack":23,"minecraft:oak_door":5,"minecraft:torch":378,"minecraft:dirt":176,"minecraft:white_carpet":3,"minecraft:cobblestone_wall":1,"minecraft:granite":27,"minecraft:iron_axe":82,"minecraft:oak_stairs":43,"minecraft:iron_boots":1,"minecraft:smooth_basalt":11,"minecraft:light_gray_wool":2,"minecraft:beef":1,"minecraft:cobbled_deepslate":255,"minecraft:cherry_fence":29,"minecraft:cherry_log":4,"minecraft:pointed_dripstone":5,"minecraft:calcite":25,"minecraft:cooked_mutton":4,"minecraft:water_bucket":32,"minecraft:cobblestone_stairs":3,"minecraft:baked_potato":29,"minecraft:cauldron":5,"minecraft:cobblestone_slab":1,"minecraft:mossy_cobblestone":1,"minecraft:rail":24,"minecraft:oak_slab":19,"minecraft:crafting_table":34,"minecraft:smoker":5,"minecraft:oak_log":11,"minecraft:diamond_pickaxe":3067,"minecraft:diamond_shovel":427,"minecraft:iron_pickaxe":1953,"minecraft:stone_axe":104,"minecraft:pink_bed":7,"minecraft:fishing_rod":16,"minecraft:cobblestone":327,"minecraft:porkchop":6,"minecraft:cooked_porkchop":16,"minecraft:bucket":33},"minecraft:dropped":{"minecraft:cooked_beef":3,"minecraft:oak_log":24,"minecraft:baked_potato":1,"minecraft:diamond":81,"minecraft:crafting_table":6,"minecraft:glow_berries":3,"minecraft:leather":1,"minecraft:rail":40,"minecraft:flint":4,"minecraft:emerald":170,"minecraft:gold_block":2,"minecraft:cornflower":2,"minecraft:snowball":127,"minecraft:amethyst_shard":44,"minecraft:iron_pickaxe":4,"minecraft:white_wool":7,"minecraft:bone":34,"minecraft:oak_door":2,"minecraft:gravel":94,"minecraft:sugar_cane":14,"minecraft:cobbled_deepslate":1284,"minecraft:obsidian":13,"minecraft:pointed_dripstone":12,"minecraft:oak_planks":14,"minecraft:azure_bluet":1,"minecraft:white_bed":1,"minecraft:salmon":6,"minecraft:carrot":24,"minecraft:gunpowder":6,"minecraft:arrow":21,"minecraft:lectern":2,"minecraft:egg":2,"minecraft:iron_ingot":54,"minecraft:wheat_seeds":19,"minecraft:clock":1,"minecraft:mossy_cobblestone":3,"minecraft:dripstone_block":6,"minecraft:diamond_leggings":1,"minecraft:iron_helmet":1,"minecraft:feather":13,"minecraft:cobblestone":310,"minecraft:amethyst_block":8,"minecraft:apple":6,"minecraft:granite":1,"minecraft:coal":64,"minecraft:stick":12,"minecraft:oxeye_daisy":1,"minecraft:diamond_helmet":1,"minecraft:iron_leggings":1,"minecraft:oak_stairs":1,"minecraft:iron_axe":1,"minecraft:string":9,"minecraft:pink_petals":10,"minecraft:smooth_basalt":1,"minecraft:redstone":36,"minecraft:furnace":1,"minecraft:raw_copper":12,"minecraft:tuff":249,"minecraft:chicken":7,"minecraft:iron_boots":1,"minecraft:name_tag":2,"minecraft:diamond_chestplate":1,"minecraft:diamond_pickaxe":1,"minecraft:iron_chestplate":1,"minecraft:andesite":16,"minecraft:oak_boat":2,"minecraft:oak_sapling":1,"minecraft:diamond_boots":1,"minecraft:slime_ball":10,"minecraft:stone_pickaxe":2,"minecraft:calcite":5},"minecraft:crafted":{"minecraft:oak_planks":552,"minecraft:smooth_stone":3,"minecraft:pink_bed":1,"minecraft:stone":3,"minecraft:cobblestone_stairs":4,"minecraft:diamond_shovel":1,"minecraft:bookshelf":5,"minecraft:diamond_helmet":2,"minecraft:diamond_leggings":2,"minecraft:iron_boots":1,"minecraft:chest":2,"minecraft:cherry_fence":27,"minecraft:smoker":1,"minecraft:oak_slab":30,"minecraft:emerald":260,"minecraft:cooked_porkchop":5,"minecraft:diamond_axe":1,"minecraft:crafting_table":5,"minecraft:iron_helmet":1,"minecraft:wooden_pickaxe":1,"minecraft:baked_potato":136,"minecraft:birch_planks":8,"minecraft:lectern":5,"minecraft:iron_chestplate":1,"minecraft:book":11,"minecraft:paper":57,"minecraft:diamond_pickaxe":2,"minecraft:shield":3,"minecraft:stick":138,"minecraft:iron_ingot":118,"minecraft:iron_pickaxe":11,"minecraft:shears":1,"minecraft:cherry_planks":100,"minecraft:oak_door":6,"minecraft:fishing_rod":1,"minecraft:furnace":3,"minecraft:blast_furnace":1,"minecraft:bone_meal":6,"minecraft:pink_dye":1,"minecraft:white_carpet":3,"minecraft:flint_and_steel":3,"minecraft:iron_axe":1,"minecraft:stone_pickaxe":1,"minecraft:cobblestone_wall":6,"minecraft:diamond_boots":2,"minecraft:wheat":198,"minecraft:cooked_beef":3,"minecraft:bucket":1,"minecraft:stone_axe":1,"minecraft:amethyst_block":3,"minecraft:enchanted_book":1,"minecraft:bread":49,"minecraft:air":0,"minecraft:blue_dye":1,"minecraft:oak_boat":2,"minecraft:oak_stairs":20,"minecraft:iron_shovel":4,"minecraft:iron_leggings":1,"minecraft:torch":328,"minecraft:diamond_chestplate":2},"minecraft:picked_up":{"minecraft:wheat":64,"minecraft:oak_stairs":25,"minecraft:enchanted_book":4,"minecraft:amethyst_block":187,"minecraft:string":1618,"minecraft:raw_copper":53,"minecraft:beetroot":1,"minecraft:diamond_leggings":2,"minecraft:gold_nugget":1,"minecraft:cobbled_deepslate":1477,"minecraft:white_tulip":18,"minecraft:rose_bush":10,"minecraft:cobblestone_slab":1,"minecraft:calcite":351,"minecraft:furnace":8,"minecraft:stick":33,"minecraft:big_dripleaf":6,"minecraft:oak_fence":7,"minecraft:torch":55,"minecraft:porkchop":35,"minecraft:cherry_log":93,"minecraft:pointed_dripstone":31,"minecraft:cauldron":7,"minecraft:rotten_flesh":51,"minecraft:red_tulip":2,"minecraft:obsidian":25,"minecraft:snowball":128,"minecraft:cobblestone":918,"minecraft:birch_log":2,"minecraft:pink_petals":36,"minecraft:leather_chestplate":2,"minecraft:feather":13,"minecraft:water_bucket":2,"minecraft:andesite":32,"minecraft:smoker":5,"minecraft:potato":850,"minecraft:flint":27,"minecraft:tuff":273,"minecraft:cherry_fence":2,"minecraft:lapis_lazuli":125,"minecraft:dirt":1389,"minecraft:name_tag":5,"minecraft:bone":80,"minecraft:wheat_seeds":96,"minecraft:raw_gold":103,"minecraft:diamond_helmet":2,"minecraft:oak_planks":283,"minecraft:cooked_porkchop":11,"minecraft:poisonous_potato":2,"minecraft:sand":15,"minecraft:grass_block":1,"minecraft:barrel":4,"minecraft:mossy_cobblestone":7,"minecraft:diamond":213,"minecraft:granite":60,"minecraft:bone_meal":1,"minecraft:emerald":32,"minecraft:oak_sapling":10,"minecraft:netherrack":46,"minecraft:diamond_pickaxe":3,"minecraft:crafting_table":39,"minecraft:azure_bluet":3,"minecraft:chicken":27,"minecraft:gold_block":2,"minecraft:shield":3,"minecraft:cornflower":2,"minecraft:flint_and_steel":3,"minecraft:iron_shovel":1,"minecraft:blue_orchid":21,"minecraft:beef":7,"minecraft:oak_boat":6,"minecraft:minecart":2,"minecraft:poppy":2,"minecraft:light_gray_wool":2,"minecraft:lectern":55,"minecraft:sugar_cane":382,"minecraft:chest":7,"minecraft:egg":13,"minecraft:raw_iron":346,"minecraft:oak_door":3,"minecraft:carrot":275,"minecraft:redstone":75,"minecraft:arrow":52,"minecraft:diamond_chestplate":2,"minecraft:beetroot_seeds":4,"minecraft:diamond_boots":2,"minecraft:hay_block":41,"minecraft:pink_tulip":121,"minecraft:glow_berries":17,"minecraft:mutton":52,"minecraft:rail":446,"minecraft:white_wool":13,"minecraft:oxeye_daisy":2,"minecraft:glow_ink_sac":4,"minecraft:salmon":39,"minecraft:leather":2,"minecraft:red_mushroom":6,"minecraft:oak_log":640,"minecraft:lily_pad":78,"minecraft:cobblestone_wall":7,"minecraft:gunpowder":10,"minecraft:cobblestone_stairs":2,"minecraft:cooked_mutton":4,"minecraft:apple":11,"minecraft:rabbit_hide":1,"minecraft:iron_ingot":298,"minecraft:stone_pickaxe":1,"minecraft:book":3,"minecraft:oak_slab":17,"minecraft:pink_bed":6,"minecraft:smooth_basalt":12,"minecraft:pumpkin":18,"minecraft:quartz":8,"minecraft:dandelion":8,"minecraft:dripstone_block":10,"minecraft:gravel":95,"minecraft:amethyst_shard":100,"minecraft:blast_furnace":2,"minecraft:white_bed":2,"minecraft:spider_eye":3,"minecraft:diamond_shovel":2,"minecraft:slime_ball":10,"minecraft:diamond_axe":3,"minecraft:cherry_sapling":55,"minecraft:baked_potato":303,"minecraft:coal":740},"minecraft:killed":{"minecraft:cave_spider":7,"minecraft:zombified_piglin":3,"minecraft:spider":7,"minecraft:skeleton":29,"minecraft:chicken":6,"minecraft:wolf":2,"minecraft:pig":8,"minecraft:zombie_villager":1,"minecraft:salmon":28,"minecraft:creeper":4,"minecraft:sheep":16,"minecraft:zombie":42,"minecraft:glow_squid":1,"minecraft:cow":7,"minecraft:slime":5,"minecraft:drowned":2,"minecraft:villager":1,"minecraft:enderman":3}},"DataVersion":3953}