{"stats":{"minecraft:used":{"minecraft:cherry_sapling":55,"minecraft:rose_bush":1,"minecraft:iron_shovel":190,"minecraft:flint_and_steel":73,"minecraft:chest":2,"minecraft:shield":26,"minecraft:rotten_flesh":10,"minecraft:iron_chestplate":1,"minecraft:oak_door":4,"minecraft:torch":268,"minecraft:dirt":23,"minecraft:tuff":20,"minecraft:granite":27,"minecraft:grass_block":1,"minecraft:iron_axe":82,"minecraft:iron_helmet":1,"minecraft:iron_boots":1,"minecraft:smooth_basalt":9,"minecraft:light_gray_wool":2,"minecraft:beef":1,"minecraft:oak_sapling":1,"minecraft:furnace":5,"minecraft:egg":5,"minecraft:cherry_log":4,"minecraft:cobbled_deepslate":219,"minecraft:calcite":5,"minecraft:cooked_mutton":4,"minecraft:diamond_boots":1,"minecraft:baked_potato":10,"minecraft:oak_planks":7,"minecraft:wooden_pickaxe":19,"minecraft:diamond_axe":292,"minecraft:white_wool":4,"minecraft:glow_berries":11,"minecraft:sand":15,"minecraft:crafting_table":28,"minecraft:blast_furnace":3,"minecraft:smoker":4,"minecraft:diamond_pickaxe":1561,"minecraft:bread":8,"minecraft:iron_pickaxe":1799,"minecraft:stone_axe":104,"minecraft:pink_bed":7,"minecraft:fishing_rod":16,"minecraft:cobblestone":95,"minecraft:porkchop":6,"minecraft:cooked_porkchop":16,"minecraft:andesite":16,"minecraft:oak_boat":4,"minecraft:bone_meal":7},"minecraft:picked_up":{"minecraft:crafting_table":31,"minecraft:azure_bluet":1,"minecraft:chicken":12,"minecraft:enchanted_book":1,"minecraft:amethyst_block":75,"minecraft:cornflower":1,"minecraft:string":9,"minecraft:raw_copper":12,"minecraft:blue_orchid":14,"minecraft:cobbled_deepslate":1426,"minecraft:beef":7,"minecraft:white_tulip":12,"minecraft:oak_boat":5,"minecraft:rose_bush":3,"minecraft:calcite":136,"minecraft:poppy":1,"minecraft:light_gray_wool":2,"minecraft:chest":1,"minecraft:furnace":6,"minecraft:egg":7,"minecraft:stick":33,"minecraft:raw_iron":221,"minecraft:oak_door":3,"minecraft:big_dripleaf":4,"minecraft:torch":21,"minecraft:porkchop":31,"minecraft:cherry_log":93,"minecraft:redstone":62,"minecraft:arrow":9,"minecraft:rotten_flesh":18,"minecraft:hay_block":32,"minecraft:red_tulip":2,"minecraft:pink_tulip":121,"minecraft:glow_berries":11,"minecraft:mutton":36,"minecraft:rail":140,"minecraft:white_wool":9,"minecraft:cobblestone":288,"minecraft:oxeye_daisy":2,"minecraft:birch_log":2,"minecraft:pink_petals":10,"minecraft:leather_chestplate":1,"minecraft:feather":13,"minecraft:andesite":30,"minecraft:salmon":15,"minecraft:leather":2,"minecraft:smoker":4,"minecraft:red_mushroom":3,"minecraft:flint":14,"minecraft:tuff":269,"minecraft:oak_log":63,"minecraft:lily_pad":52,"minecraft:gunpowder":6,"minecraft:lapis_lazuli":59,"minecraft:dirt":202,"minecraft:name_tag":1,"minecraft:cooked_mutton":4,"minecraft:bone":11,"minecraft:apple":1,"minecraft:wheat_seeds":6,"minecraft:raw_gold":42,"minecraft:iron_ingot":65,"minecraft:stone_pickaxe":1,"minecraft:oak_planks":76,"minecraft:pink_bed":6,"minecraft:smooth_basalt":10,"minecraft:cooked_porkchop":11,"minecraft:pumpkin":12,"minecraft:dandelion":6,"minecraft:gravel":94,"minecraft:sand":15,"minecraft:amethyst_shard":12,"minecraft:blast_furnace":2,"minecraft:white_bed":2,"minecraft:grass_block":1,"minecraft:spider_eye":3,"minecraft:slime_ball":10,"minecraft:diamond":150,"minecraft:cherry_sapling":55,"minecraft:granite":27,"minecraft:bone_meal":1,"minecraft:emerald":4,"minecraft:baked_potato":1,"minecraft:oak_sapling":9,"minecraft:coal":497},"minecraft:broken":{"minecraft:flint_and_steel":1,"minecraft:diamond_pickaxe":1,"minecraft:stone_axe":1,"minecraft:iron_pickaxe":6,"minecraft:fishing_rod":1},"minecraft:mined":{"minecraft:diamond_ore":3,"minecraft:tuff":428,"minecraft:white_bed":1,"minecraft:oak_sapling":1,"minecraft:pink_bed":6,"minecraft:oak_door":3,"minecraft:deepslate_diamond_ore":79,"minecraft:cherry_log":93,"minecraft:cherry_sapling":2,"minecraft:budding_amethyst":4,"minecraft:granite":13,"minecraft:grass_block":175,"minecraft:oxeye_daisy":1,"minecraft:tuff_bricks":8,"minecraft:hay_block":32,"minecraft:tall_seagrass":3,"minecraft:waxed_oxidized_cut_copper":1,"minecraft:furnace":6,"minecraft:iron_ore":79,"minecraft:fire":4,"minecraft:cobbled_deepslate":53,"minecraft:andesite":27,"minecraft:pumpkin":6,"minecraft:azure_bluet":1,"minecraft:red_tulip":2,"minecraft:dirt_path":1,"minecraft:cave_vines":1,"minecraft:deepslate_iron_ore":6,"minecraft:rail":77,"minecraft:pink_tulip":31,"minecraft:white_tulip":4,"minecraft:stone":249,"minecraft:blue_orchid":7,"minecraft:deepslate_redstone_ore":7,"minecraft:amethyst_cluster":3,"minecraft:smoker":3,"minecraft:dandelion":2,"minecraft:crafting_table":27,"minecraft:torch":11,"minecraft:short_grass":16,"minecraft:blast_furnace":3,"minecraft:emerald_ore":2,"minecraft:calcite":79,"minecraft:chest":1,"minecraft:rose_bush":1,"minecraft:copper_ore":4,"minecraft:tall_grass":8,"minecraft:cobblestone":7,"minecraft:deepslate_gold_ore":22,"minecraft:lapis_ore":4,"minecraft:lily_pad":26,"minecraft:oak_planks":10,"minecraft:wall_torch":6,"minecraft:amethyst_block":36,"minecraft:pink_petals":3,"minecraft:seagrass":6,"minecraft:oak_log":63,"minecraft:coal_ore":64,"minecraft:cherry_leaves":84,"minecraft:gravel":124,"minecraft:sand":18,"minecraft:dirt":29,"minecraft:smooth_basalt":23,"minecraft:red_mushroom_block":4,"minecraft:oak_leaves":25,"minecraft:deepslate":2025},"minecraft:dropped":{"minecraft:iron_ingot":53,"minecraft:cooked_beef":3,"minecraft:oak_log":24,"minecraft:baked_potato":1,"minecraft:diamond":48,"minecraft:crafting_table":4,"minecraft:diamond_leggings":1,"minecraft:feather":13,"minecraft:iron_helmet":1,"minecraft:cobblestone":167,"minecraft:apple":1,"minecraft:leather":1,"minecraft:coal":64,"minecraft:flint":4,"minecraft:stick":3,"minecraft:diamond_helmet":1,"minecraft:iron_leggings":1,"minecraft:iron_axe":1,"minecraft:iron_pickaxe":4,"minecraft:string":7,"minecraft:white_wool":5,"minecraft:redstone":36,"minecraft:smooth_basalt":1,"minecraft:bone":1,"minecraft:oak_door":2,"minecraft:gravel":94,"minecraft:furnace":1,"minecraft:cobbled_deepslate":1269,"minecraft:raw_copper":12,"minecraft:tuff":249,"minecraft:oak_planks":6,"minecraft:iron_boots":1,"minecraft:azure_bluet":1,"minecraft:white_bed":1,"minecraft:gunpowder":4,"minecraft:diamond_chestplate":1,"minecraft:iron_chestplate":1,"minecraft:andesite":14,"minecraft:oak_boat":2,"minecraft:diamond_boots":1,"minecraft:slime_ball":10,"minecraft:arrow":6,"minecraft:stone_pickaxe":2,"minecraft:calcite":3},"minecraft:custom":{"minecraft:mob_kills":103,"minecraft:interact_with_crafting_table":58,"minecraft:bell_ring":89,"minecraft:leave_game":9,"minecraft:time_since_death":371953,"minecraft:climb_one_cm":814,"minecraft:sprint_one_cm":565356,"minecraft:walk_one_cm":1041203,"minecraft:damage_blocked_by_shield":1457,"minecraft:drop":285,"minecraft:play_time":371953,"minecraft:sneak_time":24105,"minecraft:walk_under_water_one_cm":35647,"minecraft:boat_one_cm":253495,"minecraft:jump":3873,"minecraft:interact_with_blast_furnace":20,"minecraft:walk_on_water_one_cm":61688,"minecraft:total_world_time":371953,"minecraft:interact_with_furnace":50,"minecraft:sleep_in_bed":8,"minecraft:time_since_rest":5809,"minecraft:damage_taken":2306,"minecraft:damage_dealt":12721,"minecraft:player_kills":1,"minecraft:swim_one_cm":162091,"minecraft:fly_one_cm":404608,"minecraft:open_chest":15,"minecraft:crouch_one_cm":54502,"minecraft:interact_with_smoker":17,"minecraft:fall_one_cm":69743,"minecraft:horse_one_cm":4136},"minecraft:killed":{"minecraft:cave_spider":6,"minecraft:spider":2,"minecraft:slime":5,"minecraft:skeleton":12,"minecraft:chicken":6,"minecraft:drowned":1,"minecraft:wolf":2,"minecraft:pig":8,"minecraft:zombie_villager":1,"minecraft:salmon":17,"minecraft:creeper":3,"minecraft:sheep":15,"minecraft:zombie":15,"minecraft:enderman":2,"minecraft:cow":7},"minecraft:crafted":{"minecraft:cherry_planks":4,"minecraft:oak_door":3,"minecraft:smooth_stone":3,"minecraft:oak_planks":140,"minecraft:fishing_rod":1,"minecraft:pink_bed":1,"minecraft:furnace":2,"minecraft:blast_furnace":1,"minecraft:stone":3,"minecraft:bone_meal":6,"minecraft:pink_dye":1,"minecraft:flint_and_steel":2,"minecraft:diamond_helmet":2,"minecraft:diamond_leggings":2,"minecraft:iron_boots":1,"minecraft:iron_axe":1,"minecraft:stone_pickaxe":1,"minecraft:chest":1,"minecraft:diamond_boots":2,"minecraft:wheat":198,"minecraft:smoker":1,"minecraft:cooked_beef":3,"minecraft:cooked_porkchop":5,"minecraft:diamond_axe":1,"minecraft:crafting_table":2,"minecraft:wooden_pickaxe":1,"minecraft:iron_helmet":1,"minecraft:birch_planks":8,"minecraft:stone_axe":1,"minecraft:amethyst_block":3,"minecraft:bread":21,"minecraft:air":0,"minecraft:oak_boat":2,"minecraft:iron_chestplate":1,"minecraft:diamond_pickaxe":1,"minecraft:shield":1,"minecraft:stick":90,"minecraft:iron_ingot":110,"minecraft:iron_pickaxe":11,"minecraft:iron_shovel":3,"minecraft:iron_leggings":1,"minecraft:torch":236,"minecraft:diamond_chestplate":2}},"DataVersion":3953}