{"stats":{"minecraft:broken":{"minecraft:flint_and_steel":1,"minecraft:diamond_pickaxe":1,"minecraft:stone_axe":1,"minecraft:iron_pickaxe":6,"minecraft:fishing_rod":1},"minecraft:mined":{"minecraft:diamond_ore":3,"minecraft:tuff":428,"minecraft:white_bed":1,"minecraft:oak_sapling":1,"minecraft:pink_bed":5,"minecraft:deepslate_diamond_ore":79,"minecraft:oak_door":3,"minecraft:budding_amethyst":4,"minecraft:granite":13,"minecraft:oxeye_daisy":1,"minecraft:tuff_bricks":8,"minecraft:tall_seagrass":3,"minecraft:waxed_oxidized_cut_copper":1,"minecraft:furnace":6,"minecraft:iron_ore":79,"minecraft:cobbled_deepslate":53,"minecraft:fire":4,"minecraft:andesite":27,"minecraft:pumpkin":6,"minecraft:azure_bluet":1,"minecraft:red_tulip":2,"minecraft:cave_vines":1,"minecraft:deepslate_iron_ore":6,"minecraft:rail":77,"minecraft:pink_tulip":31,"minecraft:white_tulip":4,"minecraft:blue_orchid":7,"minecraft:stone":239,"minecraft:deepslate_redstone_ore":7,"minecraft:amethyst_cluster":3,"minecraft:smoker":2,"minecraft:crafting_table":25,"minecraft:torch":11,"minecraft:short_grass":7,"minecraft:blast_furnace":3,"minecraft:emerald_ore":2,"minecraft:calcite":79,"minecraft:copper_ore":4,"minecraft:tall_grass":2,"minecraft:cobblestone":7,"minecraft:deepslate_gold_ore":22,"minecraft:lapis_ore":4,"minecraft:lily_pad":26,"minecraft:oak_planks":10,"minecraft:wall_torch":6,"minecraft:amethyst_block":36,"minecraft:seagrass":3,"minecraft:oak_log":63,"minecraft:coal_ore":38,"minecraft:gravel":124,"minecraft:sand":18,"minecraft:dirt":18,"minecraft:smooth_basalt":23,"minecraft:red_mushroom_block":4,"minecraft:oak_leaves":23,"minecraft:deepslate":2025},"minecraft:used":{"minecraft:flint_and_steel":73,"minecraft:shield":25,"minecraft:rotten_flesh":10,"minecraft:iron_chestplate":1,"minecraft:oak_door":4,"minecraft:torch":268,"minecraft:dirt":20,"minecraft:tuff":20,"minecraft:granite":27,"minecraft:iron_axe":82,"minecraft:iron_helmet":1,"minecraft:iron_boots":1,"minecraft:smooth_basalt":9,"minecraft:light_gray_wool":2,"minecraft:beef":1,"minecraft:oak_sapling":1,"minecraft:furnace":4,"minecraft:egg":4,"minecraft:cobbled_deepslate":219,"minecraft:calcite":5,"minecraft:cooked_mutton":4,"minecraft:diamond_boots":1,"minecraft:baked_potato":10,"minecraft:oak_planks":6,"minecraft:wooden_pickaxe":19,"minecraft:diamond_axe":122,"minecraft:white_wool":4,"minecraft:glow_berries":11,"minecraft:sand":15,"minecraft:crafting_table":25,"minecraft:blast_furnace":3,"minecraft:smoker":2,"minecraft:diamond_pickaxe":1561,"minecraft:bread":1,"minecraft:iron_pickaxe":1760,"minecraft:stone_axe":104,"minecraft:pink_bed":5,"minecraft:fishing_rod":16,"minecraft:cobblestone":95,"minecraft:porkchop":6,"minecraft:cooked_porkchop":10,"minecraft:andesite":16,"minecraft:oak_boat":2,"minecraft:bone_meal":6},"minecraft:custom":{"minecraft:mob_kills":76,"minecraft:interact_with_crafting_table":51,"minecraft:leave_game":8,"minecraft:time_since_death":308127,"minecraft:climb_one_cm":814,"minecraft:sprint_one_cm":388778,"minecraft:walk_one_cm":832353,"minecraft:damage_blocked_by_shield":1397,"minecraft:drop":282,"minecraft:play_time":308127,"minecraft:sneak_time":23071,"minecraft:walk_under_water_one_cm":20428,"minecraft:boat_one_cm":224108,"minecraft:jump":2641,"minecraft:interact_with_blast_furnace":20,"minecraft:walk_on_water_one_cm":54461,"minecraft:total_world_time":308127,"minecraft:interact_with_furnace":48,"minecraft:sleep_in_bed":4,"minecraft:time_since_rest":1766,"minecraft:damage_taken":1886,"minecraft:damage_dealt":10822,"minecraft:player_kills":1,"minecraft:swim_one_cm":114369,"minecraft:fly_one_cm":212990,"minecraft:crouch_one_cm":51446,"minecraft:interact_with_smoker":3,"minecraft:fall_one_cm":43249,"minecraft:horse_one_cm":3233},"minecraft:crafted":{"minecraft:oak_door":3,"minecraft:smooth_stone":3,"minecraft:oak_planks":140,"minecraft:fishing_rod":1,"minecraft:pink_bed":1,"minecraft:furnace":1,"minecraft:blast_furnace":1,"minecraft:stone":3,"minecraft:bone_meal":6,"minecraft:pink_dye":1,"minecraft:flint_and_steel":2,"minecraft:diamond_helmet":2,"minecraft:diamond_leggings":2,"minecraft:iron_boots":1,"minecraft:iron_axe":1,"minecraft:stone_pickaxe":1,"minecraft:diamond_boots":2,"minecraft:smoker":1,"minecraft:cooked_porkchop":5,"minecraft:diamond_axe":1,"minecraft:crafting_table":1,"minecraft:wooden_pickaxe":1,"minecraft:iron_helmet":1,"minecraft:birch_planks":8,"minecraft:stone_axe":1,"minecraft:amethyst_block":3,"minecraft:air":0,"minecraft:oak_boat":1,"minecraft:iron_chestplate":1,"minecraft:diamond_pickaxe":1,"minecraft:shield":1,"minecraft:stick":90,"minecraft:iron_ingot":107,"minecraft:iron_pickaxe":11,"minecraft:iron_leggings":1,"minecraft:torch":236,"minecraft:diamond_chestplate":2},"minecraft:dropped":{"minecraft:iron_ingot":53,"minecraft:oak_log":24,"minecraft:baked_potato":1,"minecraft:diamond":48,"minecraft:crafting_table":4,"minecraft:diamond_leggings":1,"minecraft:feather":13,"minecraft:iron_helmet":1,"minecraft:cobblestone":167,"minecraft:apple":1,"minecraft:leather":1,"minecraft:coal":64,"minecraft:flint":4,"minecraft:stick":3,"minecraft:diamond_helmet":1,"minecraft:iron_leggings":1,"minecraft:iron_axe":1,"minecraft:iron_pickaxe":4,"minecraft:string":7,"minecraft:white_wool":5,"minecraft:redstone":36,"minecraft:smooth_basalt":1,"minecraft:bone":1,"minecraft:oak_door":2,"minecraft:gravel":94,"minecraft:furnace":1,"minecraft:cobbled_deepslate":1269,"minecraft:raw_copper":12,"minecraft:tuff":249,"minecraft:oak_planks":6,"minecraft:iron_boots":1,"minecraft:azure_bluet":1,"minecraft:white_bed":1,"minecraft:gunpowder":4,"minecraft:diamond_chestplate":1,"minecraft:iron_chestplate":1,"minecraft:andesite":14,"minecraft:oak_boat":2,"minecraft:diamond_boots":1,"minecraft:slime_ball":10,"minecraft:arrow":6,"minecraft:stone_pickaxe":2,"minecraft:calcite":3},"minecraft:picked_up":{"minecraft:crafting_table":29,"minecraft:azure_bluet":1,"minecraft:chicken":6,"minecraft:amethyst_block":36,"minecraft:string":9,"minecraft:raw_copper":12,"minecraft:blue_orchid":7,"minecraft:cobbled_deepslate":1426,"minecraft:beef":5,"minecraft:white_tulip":6,"minecraft:oak_boat":3,"minecraft:rose_bush":1,"minecraft:calcite":72,"minecraft:light_gray_wool":2,"minecraft:furnace":6,"minecraft:egg":4,"minecraft:stick":9,"minecraft:raw_iron":221,"minecraft:oak_door":3,"minecraft:big_dripleaf":2,"minecraft:torch":21,"minecraft:porkchop":27,"minecraft:redstone":49,"minecraft:arrow":9,"minecraft:rotten_flesh":13,"minecraft:red_tulip":2,"minecraft:pink_tulip":61,"minecraft:glow_berries":11,"minecraft:mutton":19,"minecraft:rail":76,"minecraft:white_wool":9,"minecraft:cobblestone":279,"minecraft:oxeye_daisy":1,"minecraft:birch_log":2,"minecraft:feather":13,"minecraft:andesite":30,"minecraft:leather":2,"minecraft:smoker":2,"minecraft:red_mushroom":3,"minecraft:flint":10,"minecraft:tuff":269,"minecraft:oak_log":63,"minecraft:lily_pad":26,"minecraft:gunpowder":4,"minecraft:lapis_lazuli":25,"minecraft:dirt":20,"minecraft:cooked_mutton":4,"minecraft:bone":11,"minecraft:apple":1,"minecraft:raw_gold":21,"minecraft:iron_ingot":65,"minecraft:stone_pickaxe":1,"minecraft:oak_planks":12,"minecraft:pink_bed":5,"minecraft:smooth_basalt":10,"minecraft:cooked_porkchop":11,"minecraft:pumpkin":6,"minecraft:gravel":94,"minecraft:sand":15,"minecraft:amethyst_shard":12,"minecraft:blast_furnace":2,"minecraft:white_bed":2,"minecraft:spider_eye":3,"minecraft:slime_ball":10,"minecraft:diamond":126,"minecraft:granite":27,"minecraft:emerald":2,"minecraft:baked_potato":1,"minecraft:oak_sapling":9,"minecraft:coal":391},"minecraft:killed":{"minecraft:cave_spider":6,"minecraft:spider":2,"minecraft:slime":5,"minecraft:skeleton":11,"minecraft:chicken":6,"minecraft:pig":8,"minecraft:zombie_villager":1,"minecraft:creeper":2,"minecraft:sheep":12,"minecraft:zombie":14,"minecraft:enderman":2,"minecraft:cow":6}},"DataVersion":3953}