{"stats":{"minecraft:broken":{"minecraft:flint_and_steel":1,"minecraft:diamond_pickaxe":1,"minecraft:stone_axe":1,"minecraft:iron_pickaxe":6,"minecraft:fishing_rod":1},"minecraft:mined":{"minecraft:diamond_ore":3,"minecraft:tuff":426,"minecraft:oak_sapling":1,"minecraft:deepslate_diamond_ore":79,"minecraft:oak_door":3,"minecraft:granite":13,"minecraft:budding_amethyst":4,"minecraft:oxeye_daisy":1,"minecraft:tuff_bricks":8,"minecraft:tall_seagrass":3,"minecraft:waxed_oxidized_cut_copper":1,"minecraft:furnace":6,"minecraft:fire":4,"minecraft:iron_ore":79,"minecraft:cobbled_deepslate":47,"minecraft:andesite":27,"minecraft:azure_bluet":1,"minecraft:red_tulip":2,"minecraft:cave_vines":1,"minecraft:deepslate_iron_ore":6,"minecraft:rail":77,"minecraft:pink_tulip":31,"minecraft:blue_orchid":7,"minecraft:stone":222,"minecraft:white_tulip":4,"minecraft:deepslate_redstone_ore":7,"minecraft:smoker":1,"minecraft:amethyst_cluster":3,"minecraft:crafting_table":24,"minecraft:torch":11,"minecraft:short_grass":4,"minecraft:blast_furnace":2,"minecraft:calcite":79,"minecraft:tall_grass":2,"minecraft:copper_ore":4,"minecraft:cobblestone":7,"minecraft:lapis_ore":4,"minecraft:deepslate_gold_ore":22,"minecraft:lily_pad":26,"minecraft:oak_planks":10,"minecraft:wall_torch":6,"minecraft:amethyst_block":36,"minecraft:seagrass":3,"minecraft:oak_log":63,"minecraft:coal_ore":38,"minecraft:gravel":124,"minecraft:sand":17,"minecraft:dirt":16,"minecraft:smooth_basalt":23,"minecraft:oak_leaves":15,"minecraft:deepslate":2025},"minecraft:used":{"minecraft:flint_and_steel":73,"minecraft:shield":22,"minecraft:rotten_flesh":6,"minecraft:iron_chestplate":1,"minecraft:oak_door":3,"minecraft:torch":268,"minecraft:dirt":20,"minecraft:granite":27,"minecraft:iron_axe":82,"minecraft:iron_helmet":1,"minecraft:iron_boots":1,"minecraft:smooth_basalt":9,"minecraft:beef":1,"minecraft:oak_sapling":1,"minecraft:furnace":4,"minecraft:cobbled_deepslate":199,"minecraft:calcite":5,"minecraft:cooked_mutton":4,"minecraft:diamond_boots":1,"minecraft:baked_potato":10,"minecraft:oak_planks":6,"minecraft:wooden_pickaxe":19,"minecraft:diamond_axe":62,"minecraft:glow_berries":11,"minecraft:sand":15,"minecraft:crafting_table":23,"minecraft:blast_furnace":2,"minecraft:smoker":1,"minecraft:diamond_pickaxe":1561,"minecraft:bread":1,"minecraft:iron_pickaxe":1724,"minecraft:stone_axe":104,"minecraft:fishing_rod":16,"minecraft:cobblestone":95,"minecraft:porkchop":3,"minecraft:cooked_porkchop":3,"minecraft:andesite":16,"minecraft:oak_boat":2,"minecraft:bone_meal":6},"minecraft:custom":{"minecraft:mob_kills":49,"minecraft:interact_with_crafting_table":48,"minecraft:leave_game":5,"minecraft:time_since_death":261955,"minecraft:climb_one_cm":814,"minecraft:sprint_one_cm":185321,"minecraft:walk_one_cm":705124,"minecraft:damage_blocked_by_shield":1015,"minecraft:drop":269,"minecraft:play_time":261955,"minecraft:sneak_time":22300,"minecraft:walk_under_water_one_cm":9245,"minecraft:boat_one_cm":224108,"minecraft:jump":1794,"minecraft:interact_with_blast_furnace":19,"minecraft:walk_on_water_one_cm":37511,"minecraft:total_world_time":261955,"minecraft:interact_with_furnace":45,"minecraft:time_since_rest":261955,"minecraft:damage_taken":1415,"minecraft:damage_dealt":8365,"minecraft:player_kills":1,"minecraft:swim_one_cm":30472,"minecraft:fly_one_cm":95474,"minecraft:crouch_one_cm":49871,"minecraft:interact_with_smoker":1,"minecraft:fall_one_cm":26440,"minecraft:horse_one_cm":3233},"minecraft:crafted":{"minecraft:oak_door":3,"minecraft:smooth_stone":3,"minecraft:oak_planks":64,"minecraft:fishing_rod":1,"minecraft:furnace":1,"minecraft:blast_furnace":1,"minecraft:stone":3,"minecraft:bone_meal":6,"minecraft:flint_and_steel":2,"minecraft:diamond_helmet":2,"minecraft:diamond_leggings":2,"minecraft:iron_boots":1,"minecraft:iron_axe":1,"minecraft:stone_pickaxe":1,"minecraft:diamond_boots":2,"minecraft:smoker":1,"minecraft:cooked_porkchop":2,"minecraft:diamond_axe":1,"minecraft:crafting_table":1,"minecraft:wooden_pickaxe":1,"minecraft:iron_helmet":1,"minecraft:birch_planks":8,"minecraft:stone_axe":1,"minecraft:amethyst_block":3,"minecraft:air":0,"minecraft:oak_boat":1,"minecraft:iron_chestplate":1,"minecraft:diamond_pickaxe":1,"minecraft:shield":1,"minecraft:stick":90,"minecraft:iron_ingot":107,"minecraft:iron_pickaxe":11,"minecraft:iron_leggings":1,"minecraft:torch":236,"minecraft:diamond_chestplate":2},"minecraft:dropped":{"minecraft:iron_ingot":53,"minecraft:oak_log":24,"minecraft:baked_potato":1,"minecraft:diamond":48,"minecraft:crafting_table":4,"minecraft:diamond_leggings":1,"minecraft:cobblestone":150,"minecraft:iron_helmet":1,"minecraft:leather":1,"minecraft:coal":64,"minecraft:stick":2,"minecraft:flint":4,"minecraft:diamond_helmet":1,"minecraft:iron_leggings":1,"minecraft:iron_axe":1,"minecraft:iron_pickaxe":4,"minecraft:string":7,"minecraft:smooth_basalt":1,"minecraft:redstone":36,"minecraft:bone":1,"minecraft:gravel":94,"minecraft:furnace":1,"minecraft:cobbled_deepslate":1215,"minecraft:raw_copper":12,"minecraft:tuff":235,"minecraft:oak_planks":6,"minecraft:iron_boots":1,"minecraft:azure_bluet":1,"minecraft:gunpowder":4,"minecraft:diamond_chestplate":1,"minecraft:iron_chestplate":1,"minecraft:oak_boat":2,"minecraft:diamond_boots":1,"minecraft:slime_ball":10,"minecraft:stone_pickaxe":2,"minecraft:calcite":3},"minecraft:picked_up":{"minecraft:crafting_table":27,"minecraft:azure_bluet":1,"minecraft:amethyst_block":36,"minecraft:string":9,"minecraft:raw_copper":12,"minecraft:blue_orchid":7,"minecraft:cobbled_deepslate":1419,"minecraft:beef":1,"minecraft:white_tulip":6,"minecraft:oak_boat":3,"minecraft:rose_bush":1,"minecraft:calcite":72,"minecraft:furnace":6,"minecraft:stick":8,"minecraft:raw_iron":209,"minecraft:oak_door":3,"minecraft:big_dripleaf":2,"minecraft:torch":21,"minecraft:porkchop":8,"minecraft:redstone":49,"minecraft:arrow":9,"minecraft:rotten_flesh":13,"minecraft:red_tulip":2,"minecraft:pink_tulip":61,"minecraft:glow_berries":11,"minecraft:mutton":8,"minecraft:rail":76,"minecraft:white_wool":4,"minecraft:cobblestone":262,"minecraft:oxeye_daisy":1,"minecraft:birch_log":2,"minecraft:andesite":30,"minecraft:leather":2,"minecraft:smoker":1,"minecraft:oak_log":63,"minecraft:flint":10,"minecraft:tuff":267,"minecraft:lily_pad":26,"minecraft:gunpowder":4,"minecraft:lapis_lazuli":25,"minecraft:dirt":20,"minecraft:cooked_mutton":4,"minecraft:bone":8,"minecraft:raw_gold":21,"minecraft:iron_ingot":65,"minecraft:stone_pickaxe":1,"minecraft:oak_planks":12,"minecraft:smooth_basalt":10,"minecraft:cooked_porkchop":1,"minecraft:gravel":94,"minecraft:sand":15,"minecraft:amethyst_shard":12,"minecraft:blast_furnace":2,"minecraft:spider_eye":3,"minecraft:slime_ball":10,"minecraft:diamond":126,"minecraft:granite":27,"minecraft:baked_potato":1,"minecraft:oak_sapling":9,"minecraft:coal":345},"minecraft:killed":{"minecraft:cave_spider":6,"minecraft:spider":2,"minecraft:slime":5,"minecraft:skeleton":9,"minecraft:pig":2,"minecraft:zombie_villager":1,"minecraft:creeper":2,"minecraft:sheep":4,"minecraft:zombie":14,"minecraft:cow":1,"minecraft:enderman":2}},"DataVersion":3953}