{"stats":{"minecraft:broken":{"minecraft:iron_pickaxe":1,"minecraft:fishing_rod":1},"minecraft:picked_up":{"minecraft:birch_log":2,"minecraft:crafting_table":10,"minecraft:azure_bluet":1,"minecraft:andesite":11,"minecraft:leather":2,"minecraft:oak_log":63,"minecraft:lily_pad":26,"minecraft:lapis_lazuli":25,"minecraft:dirt":11,"minecraft:string":2,"minecraft:raw_copper":12,"minecraft:blue_orchid":7,"minecraft:iron_ingot":1,"minecraft:stone_pickaxe":1,"minecraft:beef":1,"minecraft:white_tulip":6,"minecraft:oak_boat":2,"minecraft:rose_bush":1,"minecraft:furnace":3,"minecraft:stick":6,"minecraft:raw_iron":29,"minecraft:cooked_porkchop":1,"minecraft:porkchop":8,"minecraft:sand":15,"minecraft:slime_ball":8,"minecraft:granite":20,"minecraft:red_tulip":2,"minecraft:pink_tulip":61,"minecraft:oak_sapling":9,"minecraft:mutton":4,"minecraft:coal":94,"minecraft:oxeye_daisy":1,"minecraft:white_wool":4,"minecraft:cobblestone":236},"minecraft:used":{"minecraft:oak_planks":4,"minecraft:wooden_pickaxe":18,"minecraft:torch":12,"minecraft:sand":7,"minecraft:crafting_table":8,"minecraft:iron_pickaxe":259,"minecraft:stone_axe":90,"minecraft:fishing_rod":16,"minecraft:cobblestone":1,"minecraft:beef":1,"minecraft:cooked_porkchop":1,"minecraft:furnace":3,"minecraft:oak_sapling":1,"minecraft:porkchop":1,"minecraft:andesite":1,"minecraft:oak_boat":2},"minecraft:crafted":{"minecraft:oak_planks":28,"minecraft:fishing_rod":1,"minecraft:cooked_porkchop":2,"minecraft:crafting_table":1,"minecraft:wooden_pickaxe":1,"minecraft:furnace":1,"minecraft:stone_axe":1,"minecraft:air":0,"minecraft:oak_boat":1,"minecraft:stick":24,"minecraft:iron_ingot":14,"minecraft:iron_pickaxe":4,"minecraft:stone_pickaxe":1,"minecraft:torch":36},"minecraft:dropped":{"minecraft:crafting_table":1,"minecraft:slime_ball":8,"minecraft:iron_pickaxe":2,"minecraft:stone_pickaxe":2},"minecraft:killed":{"minecraft:pig":2,"minecraft:spider":1,"minecraft:slime":4,"minecraft:sheep":4,"minecraft:cow":1},"minecraft:custom":{"minecraft:interact_with_furnace":18,"minecraft:mob_kills":12,"minecraft:interact_with_crafting_table":13,"minecraft:time_since_death":59961,"minecraft:climb_one_cm":718,"minecraft:time_since_rest":59961,"minecraft:sprint_one_cm":50583,"minecraft:damage_taken":90,"minecraft:walk_one_cm":136895,"minecraft:drop":13,"minecraft:damage_dealt":1069,"minecraft:swim_one_cm":10263,"minecraft:fly_one_cm":56606,"minecraft:crouch_one_cm":5627,"minecraft:play_time":59961,"minecraft:sneak_time":2278,"minecraft:walk_under_water_one_cm":4393,"minecraft:boat_one_cm":224108,"minecraft:jump":563,"minecraft:walk_on_water_one_cm":20861,"minecraft:total_world_time":59961,"minecraft:fall_one_cm":8968,"minecraft:horse_one_cm":3233},"minecraft:mined":{"minecraft:oak_sapling":1,"minecraft:crafting_table":9,"minecraft:granite":13,"minecraft:short_grass":4,"minecraft:copper_ore":4,"minecraft:tall_grass":2,"minecraft:lapis_ore":4,"minecraft:lily_pad":26,"minecraft:oxeye_daisy":1,"minecraft:seagrass":3,"minecraft:tall_seagrass":3,"minecraft:furnace":3,"minecraft:iron_ore":11,"minecraft:andesite":9,"minecraft:azure_bluet":1,"minecraft:oak_log":63,"minecraft:red_tulip":2,"minecraft:coal_ore":23,"minecraft:dirt":11,"minecraft:sand":17,"minecraft:pink_tulip":31,"minecraft:stone":205,"minecraft:white_tulip":4,"minecraft:blue_orchid":7,"minecraft:oak_leaves":15}},"DataVersion":3953}