{"stats":{"minecraft:picked_up":{"minecraft:birch_log":2,"minecraft:stick":2,"minecraft:crafting_table":3,"minecraft:azure_bluet":1,"minecraft:leather":2,"minecraft:porkchop":6,"minecraft:oak_log":11,"minecraft:red_tulip":2,"minecraft:beef":1,"minecraft:white_tulip":6,"minecraft:rose_bush":1,"minecraft:pink_tulip":61,"minecraft:oak_sapling":2,"minecraft:cobblestone":14,"minecraft:furnace":1,"minecraft:oxeye_daisy":1},"minecraft:used":{"minecraft:oak_planks":3,"minecraft:wooden_pickaxe":17,"minecraft:stone_axe":14,"minecraft:crafting_table":3,"minecraft:furnace":1,"minecraft:oak_boat":1},"minecraft:crafted":{"minecraft:oak_boat":1,"minecraft:oak_planks":24,"minecraft:crafting_table":1,"minecraft:stick":4,"minecraft:wooden_pickaxe":1,"minecraft:stone_pickaxe":1,"minecraft:furnace":1,"minecraft:stone_axe":1},"minecraft:dropped":{"minecraft:stone_pickaxe":1},"minecraft:killed":{"minecraft:pig":2,"minecraft:cow":1},"minecraft:custom":{"minecraft:time_since_rest":11961,"minecraft:interact_with_furnace":1,"minecraft:sprint_one_cm":30074,"minecraft:damage_taken":10,"minecraft:walk_one_cm":40400,"minecraft:mob_kills":3,"minecraft:drop":1,"minecraft:damage_dealt":378,"minecraft:fly_one_cm":35060,"minecraft:interact_with_crafting_table":5,"minecraft:crouch_one_cm":896,"minecraft:play_time":11961,"minecraft:sneak_time":459,"minecraft:walk_under_water_one_cm":2848,"minecraft:boat_one_cm":6812,"minecraft:jump":251,"minecraft:walk_on_water_one_cm":937,"minecraft:time_since_death":11961,"minecraft:total_world_time":11961,"minecraft:fall_one_cm":6657,"minecraft:horse_one_cm":3233},"minecraft:mined":{"minecraft:furnace":1,"minecraft:crafting_table":3,"minecraft:azure_bluet":1,"minecraft:short_grass":1,"minecraft:red_tulip":2,"minecraft:oak_log":11,"minecraft:pink_tulip":31,"minecraft:tall_grass":2,"minecraft:white_tulip":4,"minecraft:stone":14,"minecraft:oxeye_daisy":1,"minecraft:oak_leaves":7}},"DataVersion":3953}