{"stats":{"minecraft:broken":{"minecraft:fishing_rod":1},"minecraft:picked_up":{"minecraft:birch_log":2,"minecraft:crafting_table":4,"minecraft:azure_bluet":1,"minecraft:leather":2,"minecraft:oak_log":63,"minecraft:lily_pad":26,"minecraft:string":2,"minecraft:blue_orchid":7,"minecraft:stone_pickaxe":1,"minecraft:beef":1,"minecraft:white_tulip":6,"minecraft:oak_boat":2,"minecraft:rose_bush":1,"minecraft:furnace":1,"minecraft:stick":6,"minecraft:porkchop":6,"minecraft:sand":15,"minecraft:slime_ball":8,"minecraft:red_tulip":2,"minecraft:pink_tulip":61,"minecraft:oak_sapling":9,"minecraft:mutton":4,"minecraft:coal":22,"minecraft:oxeye_daisy":1,"minecraft:white_wool":4,"minecraft:cobblestone":23},"minecraft:used":{"minecraft:oak_planks":3,"minecraft:wooden_pickaxe":18,"minecraft:torch":1,"minecraft:sand":7,"minecraft:crafting_table":4,"minecraft:stone_axe":85,"minecraft:fishing_rod":16,"minecraft:cobblestone":1,"minecraft:beef":1,"minecraft:furnace":1,"minecraft:oak_sapling":1,"minecraft:porkchop":1,"minecraft:oak_boat":2},"minecraft:crafted":{"minecraft:oak_planks":24,"minecraft:fishing_rod":1,"minecraft:crafting_table":1,"minecraft:wooden_pickaxe":1,"minecraft:furnace":1,"minecraft:stone_axe":1,"minecraft:oak_boat":1,"minecraft:stick":8,"minecraft:stone_pickaxe":1,"minecraft:torch":4},"minecraft:dropped":{"minecraft:slime_ball":8,"minecraft:stone_pickaxe":2},"minecraft:killed":{"minecraft:pig":2,"minecraft:spider":1,"minecraft:slime":4,"minecraft:sheep":4,"minecraft:cow":1},"minecraft:custom":{"minecraft:interact_with_furnace":3,"minecraft:mob_kills":12,"minecraft:interact_with_crafting_table":6,"minecraft:time_since_death":35961,"minecraft:climb_one_cm":718,"minecraft:time_since_rest":35961,"minecraft:sprint_one_cm":45085,"minecraft:damage_taken":70,"minecraft:walk_one_cm":93192,"minecraft:drop":10,"minecraft:damage_dealt":958,"minecraft:swim_one_cm":10263,"minecraft:fly_one_cm":53849,"minecraft:crouch_one_cm":1206,"minecraft:play_time":35961,"minecraft:sneak_time":559,"minecraft:walk_under_water_one_cm":4393,"minecraft:boat_one_cm":224108,"minecraft:jump":450,"minecraft:walk_on_water_one_cm":20458,"minecraft:total_world_time":35961,"minecraft:fall_one_cm":8968,"minecraft:horse_one_cm":3233},"minecraft:mined":{"minecraft:oak_sapling":1,"minecraft:crafting_table":4,"minecraft:short_grass":4,"minecraft:tall_grass":2,"minecraft:lily_pad":26,"minecraft:oxeye_daisy":1,"minecraft:seagrass":3,"minecraft:tall_seagrass":3,"minecraft:furnace":1,"minecraft:azure_bluet":1,"minecraft:oak_log":63,"minecraft:red_tulip":2,"minecraft:coal_ore":1,"minecraft:sand":17,"minecraft:pink_tulip":31,"minecraft:stone":14,"minecraft:white_tulip":4,"minecraft:blue_orchid":7,"minecraft:oak_leaves":15}},"DataVersion":3953}