{"stats":{"minecraft:crafted":{"minecraft:smooth_stone":3,"minecraft:oak_planks":44,"minecraft:fishing_rod":1,"minecraft:furnace":1,"minecraft:blast_furnace":1,"minecraft:stone":3,"minecraft:iron_boots":1,"minecraft:iron_axe":1,"minecraft:stone_pickaxe":1,"minecraft:smoker":1,"minecraft:cooked_porkchop":2,"minecraft:crafting_table":1,"minecraft:wooden_pickaxe":1,"minecraft:iron_helmet":1,"minecraft:birch_planks":8,"minecraft:stone_axe":1,"minecraft:amethyst_block":3,"minecraft:air":0,"minecraft:oak_boat":1,"minecraft:iron_chestplate":1,"minecraft:shield":1,"minecraft:stick":56,"minecraft:iron_ingot":107,"minecraft:iron_pickaxe":9,"minecraft:iron_leggings":1,"minecraft:torch":124},"minecraft:broken":{"minecraft:stone_axe":1,"minecraft:iron_pickaxe":5,"minecraft:fishing_rod":1},"minecraft:mined":{"minecraft:diamond_ore":3,"minecraft:tuff":94,"minecraft:oak_sapling":1,"minecraft:deepslate_diamond_ore":49,"minecraft:granite":13,"minecraft:budding_amethyst":1,"minecraft:oxeye_daisy":1,"minecraft:tuff_bricks":8,"minecraft:tall_seagrass":3,"minecraft:waxed_oxidized_cut_copper":1,"minecraft:furnace":6,"minecraft:iron_ore":79,"minecraft:cobbled_deepslate":10,"minecraft:andesite":13,"minecraft:azure_bluet":1,"minecraft:red_tulip":2,"minecraft:deepslate_iron_ore":6,"minecraft:rail":77,"minecraft:pink_tulip":31,"minecraft:white_tulip":4,"minecraft:blue_orchid":7,"minecraft:stone":222,"minecraft:deepslate_redstone_ore":2,"minecraft:smoker":1,"minecraft:amethyst_cluster":3,"minecraft:crafting_table":16,"minecraft:torch":3,"minecraft:short_grass":4,"minecraft:blast_furnace":2,"minecraft:calcite":65,"minecraft:tall_grass":2,"minecraft:copper_ore":4,"minecraft:cobblestone":7,"minecraft:deepslate_gold_ore":7,"minecraft:lapis_ore":4,"minecraft:lily_pad":26,"minecraft:oak_planks":10,"minecraft:wall_torch":3,"minecraft:amethyst_block":20,"minecraft:seagrass":3,"minecraft:oak_log":63,"minecraft:coal_ore":38,"minecraft:gravel":25,"minecraft:sand":17,"minecraft:dirt":16,"minecraft:smooth_basalt":4,"minecraft:oak_leaves":15,"minecraft:deepslate":563},"minecraft:dropped":{"minecraft:iron_ingot":53,"minecraft:oak_log":24,"minecraft:diamond":48,"minecraft:crafting_table":2,"minecraft:cobblestone":150,"minecraft:leather":1,"minecraft:coal":64,"minecraft:stick":2,"minecraft:iron_pickaxe":3,"minecraft:string":5,"minecraft:furnace":1,"minecraft:cobbled_deepslate":195,"minecraft:raw_copper":12,"minecraft:oak_planks":6,"minecraft:azure_bluet":1,"minecraft:gunpowder":4,"minecraft:oak_boat":1,"minecraft:slime_ball":8,"minecraft:stone_pickaxe":2},"minecraft:custom":{"minecraft:mob_kills":33,"minecraft:interact_with_crafting_table":38,"minecraft:leave_game":4,"minecraft:time_since_death":166857,"minecraft:climb_one_cm":718,"minecraft:sprint_one_cm":134452,"minecraft:walk_one_cm":452830,"minecraft:damage_blocked_by_shield":115,"minecraft:drop":121,"minecraft:play_time":166857,"minecraft:sneak_time":14331,"minecraft:walk_under_water_one_cm":4393,"minecraft:boat_one_cm":224108,"minecraft:jump":1192,"minecraft:interact_with_blast_furnace":19,"minecraft:walk_on_water_one_cm":21399,"minecraft:total_world_time":166857,"minecraft:interact_with_furnace":45,"minecraft:time_since_rest":166857,"minecraft:damage_taken":877,"minecraft:damage_dealt":5226,"minecraft:player_kills":1,"minecraft:swim_one_cm":10263,"minecraft:fly_one_cm":76961,"minecraft:crouch_one_cm":32129,"minecraft:interact_with_smoker":1,"minecraft:fall_one_cm":20813,"minecraft:horse_one_cm":3233},"minecraft:killed":{"minecraft:cave_spider":6,"minecraft:spider":1,"minecraft:slime":5,"minecraft:skeleton":2,"minecraft:pig":2,"minecraft:zombie_villager":1,"minecraft:sheep":4,"minecraft:zombie":8,"minecraft:cow":1,"minecraft:enderman":2},"minecraft:picked_up":{"minecraft:crafting_table":17,"minecraft:azure_bluet":1,"minecraft:amethyst_block":20,"minecraft:string":7,"minecraft:raw_copper":12,"minecraft:blue_orchid":7,"minecraft:cobbled_deepslate":319,"minecraft:beef":1,"minecraft:white_tulip":6,"minecraft:oak_boat":3,"minecraft:rose_bush":1,"minecraft:calcite":69,"minecraft:furnace":6,"minecraft:stick":8,"minecraft:raw_iron":209,"minecraft:torch":6,"minecraft:porkchop":8,"minecraft:arrow":3,"minecraft:rotten_flesh":7,"minecraft:red_tulip":2,"minecraft:pink_tulip":61,"minecraft:mutton":8,"minecraft:cobblestone":262,"minecraft:rail":76,"minecraft:white_wool":4,"minecraft:oxeye_daisy":1,"minecraft:birch_log":2,"minecraft:andesite":16,"minecraft:leather":2,"minecraft:smoker":1,"minecraft:tuff":12,"minecraft:oak_log":63,"minecraft:lily_pad":26,"minecraft:gunpowder":4,"minecraft:lapis_lazuli":25,"minecraft:dirt":20,"minecraft:cooked_mutton":4,"minecraft:bone":3,"minecraft:raw_gold":7,"minecraft:stone_pickaxe":1,"minecraft:iron_ingot":57,"minecraft:oak_planks":12,"minecraft:smooth_basalt":7,"minecraft:cooked_porkchop":1,"minecraft:amethyst_shard":12,"minecraft:sand":15,"minecraft:blast_furnace":2,"minecraft:spider_eye":3,"minecraft:slime_ball":10,"minecraft:diamond":96,"minecraft:granite":27,"minecraft:oak_sapling":9,"minecraft:coal":345},"minecraft:used":{"minecraft:shield":8,"minecraft:rotten_flesh":4,"minecraft:iron_chestplate":1,"minecraft:torch":138,"minecraft:dirt":20,"minecraft:granite":27,"minecraft:iron_axe":79,"minecraft:iron_helmet":1,"minecraft:iron_boots":1,"minecraft:smooth_basalt":7,"minecraft:beef":1,"minecraft:oak_sapling":1,"minecraft:furnace":4,"minecraft:cobbled_deepslate":55,"minecraft:calcite":5,"minecraft:cooked_mutton":4,"minecraft:baked_potato":4,"minecraft:oak_planks":4,"minecraft:wooden_pickaxe":19,"minecraft:sand":15,"minecraft:crafting_table":15,"minecraft:blast_furnace":2,"minecraft:smoker":1,"minecraft:bread":1,"minecraft:iron_pickaxe":1304,"minecraft:stone_axe":104,"minecraft:fishing_rod":16,"minecraft:cobblestone":95,"minecraft:cooked_porkchop":3,"minecraft:porkchop":3,"minecraft:andesite":16,"minecraft:oak_boat":2}},"DataVersion":3953}